{
	"InvEquipSlotIcons" : 
	{
		"InstanceDesc" : 
		{
			"Center" : 
			[
				0.0,
				0.0,
				0.0
			],
			"Color" : 
			[
				1.0,
				1.0,
				1.0,
				1.0
			],
			"Duration" : 0.0,
			"IsLoop" : false,
			"LifeTime" : 
			[
				0.0,
				0.0
			],
			"Size" : 
			[
				12.0,
				12.0
			],
			"SizeY" : 12.0,
			"Speed" : 
			[
				0.0,
				0.0
			]
		},
		"SRTs" : 
		{
			"SRT0" : 
			{
				"Pos" : 
				[
					-117.19999694824219,
					188.20059204101562
				],
				"Scale" : 
				[
					12.0,
					12.0
				]
			},
			"SRT1" : 
			{
				"Pos" : 
				[
					-65.599990844726562,
					188.20059204101562
				],
				"Scale" : 
				[
					12.0,
					12.0
				]
			},
			"SRT10" : 
			{
				"Pos" : 
				[
					-117.19999694824219,
					85.000473022460938
				],
				"Scale" : 
				[
					12.0,
					12.0
				]
			},
			"SRT11" : 
			{
				"Pos" : 
				[
					-65.599990844726562,
					85.000473022460938
				],
				"Scale" : 
				[
					12.0,
					12.0
				]
			},
			"SRT12" : 
			{
				"Pos" : 
				[
					-13.999992370605469,
					85.000473022460938
				],
				"Scale" : 
				[
					12.0,
					12.0
				]
			},
			"SRT13" : 
			{
				"Pos" : 
				[
					37.600009918212891,
					85.000473022460938
				],
				"Scale" : 
				[
					12.0,
					12.0
				]
			},
			"SRT14" : 
			{
				"Pos" : 
				[
					89.20001220703125,
					85.000473022460938
				],
				"Scale" : 
				[
					12.0,
					12.0
				]
			},
			"SRT15" : 
			{
				"Pos" : 
				[
					-117.19998931884766,
					33.400413513183594
				],
				"Scale" : 
				[
					12.0,
					12.0
				]
			},
			"SRT16" : 
			{
				"Pos" : 
				[
					-65.599990844726562,
					33.400413513183594
				],
				"Scale" : 
				[
					12.0,
					12.0
				]
			},
			"SRT17" : 
			{
				"Pos" : 
				[
					-13.999992370605469,
					33.400413513183594
				],
				"Scale" : 
				[
					12.0,
					12.0
				]
			},
			"SRT18" : 
			{
				"Pos" : 
				[
					37.600009918212891,
					33.400413513183594
				],
				"Scale" : 
				[
					12.0,
					12.0
				]
			},
			"SRT19" : 
			{
				"Pos" : 
				[
					89.20001220703125,
					33.400413513183594
				],
				"Scale" : 
				[
					12.0,
					12.0
				]
			},
			"SRT2" : 
			{
				"Pos" : 
				[
					-13.999992370605469,
					188.20059204101562
				],
				"Scale" : 
				[
					12.0,
					12.0
				]
			},
			"SRT20" : 
			{
				"Pos" : 
				[
					-117.19999694824219,
					-18.199825286865234
				],
				"Scale" : 
				[
					12.0,
					12.0
				]
			},
			"SRT21" : 
			{
				"Pos" : 
				[
					-65.599990844726562,
					-18.199825286865234
				],
				"Scale" : 
				[
					12.0,
					12.0
				]
			},
			"SRT22" : 
			{
				"Pos" : 
				[
					-13.999992370605469,
					-18.199825286865234
				],
				"Scale" : 
				[
					12.0,
					12.0
				]
			},
			"SRT23" : 
			{
				"Pos" : 
				[
					37.600009918212891,
					-18.199825286865234
				],
				"Scale" : 
				[
					12.0,
					12.0
				]
			},
			"SRT24" : 
			{
				"Pos" : 
				[
					89.20001220703125,
					-18.199825286865234
				],
				"Scale" : 
				[
					12.0,
					12.0
				]
			},
			"SRT25" : 
			{
				"Pos" : 
				[
					-117.19999694824219,
					-69.799873352050781
				],
				"Scale" : 
				[
					12.0,
					12.0
				]
			},
			"SRT26" : 
			{
				"Pos" : 
				[
					-65.599990844726562,
					-69.799873352050781
				],
				"Scale" : 
				[
					12.0,
					12.0
				]
			},
			"SRT27" : 
			{
				"Pos" : 
				[
					-13.999992370605469,
					-69.799873352050781
				],
				"Scale" : 
				[
					12.0,
					12.0
				]
			},
			"SRT28" : 
			{
				"Pos" : 
				[
					37.600009918212891,
					-69.799873352050781
				],
				"Scale" : 
				[
					12.0,
					12.0
				]
			},
			"SRT29" : 
			{
				"Pos" : 
				[
					89.20001220703125,
					-69.799873352050781
				],
				"Scale" : 
				[
					12.0,
					12.0
				]
			},
			"SRT3" : 
			{
				"Pos" : 
				[
					37.600009918212891,
					188.20059204101562
				],
				"Scale" : 
				[
					12.0,
					12.0
				]
			},
			"SRT30" : 
			{
				"Pos" : 
				[
					-117.19999694824219,
					-121.40003967285156
				],
				"Scale" : 
				[
					12.0,
					12.0
				]
			},
			"SRT31" : 
			{
				"Pos" : 
				[
					-65.599990844726562,
					-121.40003967285156
				],
				"Scale" : 
				[
					12.0,
					12.0
				]
			},
			"SRT32" : 
			{
				"Pos" : 
				[
					-13.999992370605469,
					-121.40003967285156
				],
				"Scale" : 
				[
					12.0,
					12.0
				]
			},
			"SRT33" : 
			{
				"Pos" : 
				[
					37.600009918212891,
					-121.40003967285156
				],
				"Scale" : 
				[
					12.0,
					12.0
				]
			},
			"SRT34" : 
			{
				"Pos" : 
				[
					89.20001220703125,
					-121.40003967285156
				],
				"Scale" : 
				[
					12.0,
					12.0
				]
			},
			"SRT35" : 
			{
				"Pos" : 
				[
					-117.19999694824219,
					-172.99996948242188
				],
				"Scale" : 
				[
					12.0,
					12.0
				]
			},
			"SRT36" : 
			{
				"Pos" : 
				[
					-65.599990844726562,
					-172.99996948242188
				],
				"Scale" : 
				[
					12.0,
					12.0
				]
			},
			"SRT37" : 
			{
				"Pos" : 
				[
					-13.999992370605469,
					-172.99996948242188
				],
				"Scale" : 
				[
					12.0,
					12.0
				]
			},
			"SRT38" : 
			{
				"Pos" : 
				[
					37.600009918212891,
					-172.99996948242188
				],
				"Scale" : 
				[
					12.0,
					12.0
				]
			},
			"SRT39" : 
			{
				"Pos" : 
				[
					89.20001220703125,
					-172.99996948242188
				],
				"Scale" : 
				[
					12.0,
					12.0
				]
			},
			"SRT4" : 
			{
				"Pos" : 
				[
					89.20001220703125,
					188.20059204101562
				],
				"Scale" : 
				[
					12.0,
					12.0
				]
			},
			"SRT40" : 
			{
				"Pos" : 
				[
					-117.19999694824219,
					-224.59982299804688
				],
				"Scale" : 
				[
					12.0,
					12.0
				]
			},
			"SRT41" : 
			{
				"Pos" : 
				[
					-65.599990844726562,
					-224.59982299804688
				],
				"Scale" : 
				[
					12.0,
					12.0
				]
			},
			"SRT42" : 
			{
				"Pos" : 
				[
					-13.999992370605469,
					-224.59982299804688
				],
				"Scale" : 
				[
					12.0,
					12.0
				]
			},
			"SRT43" : 
			{
				"Pos" : 
				[
					37.600009918212891,
					-224.59982299804688
				],
				"Scale" : 
				[
					12.0,
					12.0
				]
			},
			"SRT44" : 
			{
				"Pos" : 
				[
					89.20001220703125,
					-224.59982299804688
				],
				"Scale" : 
				[
					12.0,
					12.0
				]
			},
			"SRT45" : 
			{
				"Pos" : 
				[
					-117.19999694824219,
					-276.19967651367188
				],
				"Scale" : 
				[
					12.0,
					12.0
				]
			},
			"SRT46" : 
			{
				"Pos" : 
				[
					-65.599990844726562,
					-276.19967651367188
				],
				"Scale" : 
				[
					12.0,
					12.0
				]
			},
			"SRT47" : 
			{
				"Pos" : 
				[
					-13.999992370605469,
					-276.19967651367188
				],
				"Scale" : 
				[
					12.0,
					12.0
				]
			},
			"SRT48" : 
			{
				"Pos" : 
				[
					37.600009918212891,
					-276.19967651367188
				],
				"Scale" : 
				[
					12.0,
					12.0
				]
			},
			"SRT49" : 
			{
				"Pos" : 
				[
					89.20001220703125,
					-276.19967651367188
				],
				"Scale" : 
				[
					12.0,
					12.0
				]
			},
			"SRT5" : 
			{
				"Pos" : 
				[
					-117.19999694824219,
					136.6007080078125
				],
				"Scale" : 
				[
					12.0,
					12.0
				]
			},
			"SRT6" : 
			{
				"Pos" : 
				[
					-65.599990844726562,
					136.6007080078125
				],
				"Scale" : 
				[
					12.0,
					12.0
				]
			},
			"SRT7" : 
			{
				"Pos" : 
				[
					-13.999992370605469,
					136.6007080078125
				],
				"Scale" : 
				[
					12.0,
					12.0
				]
			},
			"SRT8" : 
			{
				"Pos" : 
				[
					37.600009918212891,
					136.6007080078125
				],
				"Scale" : 
				[
					12.0,
					12.0
				]
			},
			"SRT9" : 
			{
				"Pos" : 
				[
					89.20001220703125,
					136.6007080078125
				],
				"Scale" : 
				[
					12.0,
					12.0
				]
			}
		},
		"Textures" : 
		{
			"Diffuse" : 
			[
				"Tex_ICO_EquipItem",
				"Tex_ICO_EquipItem_other",
				"Tex_ICO_Collection_0",
				"Tex_Condition_Collection"
			]
		},