{
	"InventorySlotBGs" : 
	{
		"InstanceDesc" : 
		{
			"Center" : 
			[
				0.0,
				0.0,
				0.0
			],
			"Color" : 
			[
				1.0,
				1.0,
				1.0,
				1.0
			],
			"Duration" : 0.0,
			"IsLoop" : false,
			"LifeTime" : 
			[
				0.0,
				0.0
			],
			"Size" : 
			[
				40.0,
				40.0
			],
			"SizeY" : 40.0,
			"Speed" : 
			[
				0.0,
				0.0
			]
		},
		"SRTs" : 
		{
			"SRT0" : 
			{
				"Pos" : 
				[
					-103.19999694824219,
					174.19999694824219
				],
				"Scale" : 
				[
					40.0,
					40.0
				]
			},
			"SRT1" : 
			{
				"Pos" : 
				[
					51.600009918212891,
					70.999984741210938
				],
				"Scale" : 
				[
					40.0,
					40.0
				]
			},
			"SRT10" : 
			{
				"Pos" : 
				[
					-51.599994659423828,
					122.59999084472656
				],
				"Scale" : 
				[
					40.0,
					40.0
				]
			},
			"SRT11" : 
			{
				"Pos" : 
				[
					51.600009918212891,
					-83.800018310546875
				],
				"Scale" : 
				[
					40.0,
					40.0
				]
			},
			"SRT12" : 
			{
				"Pos" : 
				[
					103.20001220703125,
					-83.800018310546875
				],
				"Scale" : 
				[
					40.0,
					40.0
				]
			},
			"SRT13" : 
			{
				"Pos" : 
				[
					7.62939453125e-06,
					19.399982452392578
				],
				"Scale" : 
				[
					40.0,
					40.0
				]
			},
			"SRT14" : 
			{
				"Pos" : 
				[
					103.20001220703125,
					174.19999694824219
				],
				"Scale" : 
				[
					40.0,
					40.0
				]
			},
			"SRT15" : 
			{
				"Pos" : 
				[
					-103.19999694824219,
					-135.4000244140625
				],
				"Scale" : 
				[
					40.0,
					40.0
				]
			},
			"SRT16" : 
			{
				"Pos" : 
				[
					51.600009918212891,
					19.399982452392578
				],
				"Scale" : 
				[
					40.0,
					40.0
				]
			},
			"SRT17" : 
			{
				"Pos" : 
				[
					-51.599994659423828,
					-135.4000244140625
				],
				"Scale" : 
				[
					40.0,
					40.0
				]
			},
			"SRT18" : 
			{
				"Pos" : 
				[
					-103.19999694824219,
					-32.200019836425781
				],
				"Scale" : 
				[
					40.0,
					40.0
				]
			},
			"SRT19" : 
			{
				"Pos" : 
				[
					7.62939453125e-06,
					-135.4000244140625
				],
				"Scale" : 
				[
					40.0,
					40.0
				]
			},
			"SRT2" : 
			{
				"Pos" : 
				[
					7.62939453125e-06,
					122.59999084472656
				],
				"Scale" : 
				[
					40.0,
					40.0
				]
			},
			"SRT20" : 
			{
				"Pos" : 
				[
					-51.599994659423828,
					-32.200019836425781
				],
				"Scale" : 
				[
					40.0,
					40.0
				]
			},
			"SRT21" : 
			{
				"Pos" : 
				[
					51.600009918212891,
					-135.4000244140625
				],
				"Scale" : 
				[
					40.0,
					40.0
				]
			},
			"SRT22" : 
			{
				"Pos" : 
				[
					103.20001220703125,
					-135.4000244140625
				],
				"Scale" : 
				[
					40.0,
					40.0
				]
			},
			"SRT23" : 
			{
				"Pos" : 
				[
					-51.599994659423828,
					174.19999694824219
				],
				"Scale" : 
				[
					40.0,
					40.0
				]
			},
			"SRT24" : 
			{
				"Pos" : 
				[
					7.62939453125e-06,
					70.999984741210938
				],
				"Scale" : 
				[
					40.0,
					40.0
				]
			},
			"SRT25" : 
			{
				"Pos" : 
				[
					-103.19999694824219,
					-187.00003051757812
				],
				"Scale" : 
				[
					40.0,
					40.0
				]
			},
			"SRT26" : 
			{
				"Pos" : 
				[
					7.62939453125e-06,
					174.19999694824219
				],
				"Scale" : 
				[
					40.0,
					40.0
				]
			},
			"SRT27" : 
			{
				"Pos" : 
				[
					-51.599994659423828,
					70.999984741210938
				],
				"Scale" : 
				[
					40.0,
					40.0
				]
			},
			"SRT28" : 
			{
				"Pos" : 
				[
					51.600009918212891,
					-32.200019836425781
				],
				"Scale" : 
				[
					40.0,
					40.0
				]
			},
			"SRT29" : 
			{
				"Pos" : 
				[
					51.600009918212891,
					174.19999694824219
				],
				"Scale" : 
				[
					40.0,
					40.0
				]
			},
			"SRT3" : 
			{
				"Pos" : 
				[
					103.20001220703125,
					70.999984741210938
				],
				"Scale" : 
				[
					40.0,
					40.0
				]
			},
			"SRT30" : 
			{
				"Pos" : 
				[
					-103.19999694824219,
					70.999984741210938
				],
				"Scale" : 
				[
					40.0,
					40.0
				]
			},
			"SRT31" : 
			{
				"Pos" : 
				[
					103.20001220703125,
					-32.200019836425781
				],
				"Scale" : 
				[
					40.0,
					40.0
				]
			},
			"SRT32" : 
			{
				"Pos" : 
				[
					-51.599994659423828,
					-83.800018310546875
				],
				"Scale" : 
				[
					40.0,
					40.0
				]
			},
			"SRT33" : 
			{
				"Pos" : 
				[
					7.62939453125e-06,
					-83.800018310546875
				],
				"Scale" : 
				[
					40.0,
					40.0
				]
			},
			"SRT34" : 
			{
				"Pos" : 
				[
					-51.599994659423828,
					-187.00003051757812
				],
				"Scale" : 
				[
					40.0,
					40.0
				]
			},
			"SRT35" : 
			{
				"Pos" : 
				[
					51.600009918212891,
					122.59999084472656
				],
				"Scale" : 
				[
					40.0,
					40.0
				]
			},
			"SRT36" : 
			{
				"Pos" : 
				[
					7.62939453125e-06,
					-187.00003051757812
				],
				"Scale" : 
				[
					40.0,
					40.0
				]
			},
			"SRT37" : 
			{
				"Pos" : 
				[
					103.20001220703125,
					122.59999084472656
				],
				"Scale" : 
				[
					40.0,
					40.0
				]
			},
			"SRT38" : 
			{
				"Pos" : 
				[
					7.62939453125e-06,
					-238.60003662109375
				],
				"Scale" : 
				[
					40.0,
					40.0
				]
			},
			"SRT39" : 
			{
				"Pos" : 
				[
					51.600009918212891,
					-238.60003662109375
				],
				"Scale" : 
				[
					40.0,
					40.0
				]
			},
			"SRT4" : 
			{
				"Pos" : 
				[
					-103.19999694824219,
					122.59999084472656
				],
				"Scale" : 
				[
					40.0,
					40.0
				]
			},
			"SRT40" : 
			{
				"Pos" : 
				[
					103.20001220703125,
					-238.60003662109375
				],
				"Scale" : 
				[
					40.0,
					40.0
				]
			},
			"SRT41" : 
			{
				"Pos" : 
				[
					-103.19999694824219,
					-290.20004272460938
				],
				"Scale" : 
				[
					40.0,
					40.0
				]
			},
			"SRT42" : 
			{
				"Pos" : 
				[
					51.600009918212891,
					-187.00003051757812
				],
				"Scale" : 
				[
					40.0,
					40.0
				]
			},
			"SRT43" : 
			{
				"Pos" : 
				[
					-51.599994659423828,
					-290.20004272460938
				],
				"Scale" : 
				[
					40.0,
					40.0
				]
			},
			"SRT44" : 
			{
				"Pos" : 
				[
					103.20001220703125,
					-187.00003051757812
				],
				"Scale" : 
				[
					40.0,
					40.0
				]
			},
			"SRT45" : 
			{
				"Pos" : 
				[
					7.62939453125e-06,
					-290.20004272460938
				],
				"Scale" : 
				[
					40.0,
					40.0
				]
			},
			"SRT46" : 
			{
				"Pos" : 
				[
					51.600009918212891,
					-290.20004272460938
				],
				"Scale" : 
				[
					40.0,
					40.0
				]
			},
			"SRT47" : 
			{
				"Pos" : 
				[
					-51.599994659423828,
					-238.60003662109375
				],
				"Scale" : 
				[
					40.0,
					40.0
				]
			},
			"SRT48" : 
			{
				"Pos" : 
				[
					103.20001220703125,
					-290.20004272460938
				],
				"Scale" : 
				[
					40.0,
					40.0
				]
			},
			"SRT49" : 
			{
				"Pos" : 
				[
					-103.19999694824219,
					-238.60003662109375
				],
				"Scale" : 
				[
					40.0,
					40.0
				]
			},
			"SRT5" : 
			{
				"Pos" : 
				[
					-51.599994659423828,
					19.399982452392578
				],
				"Scale" : 
				[
					40.0,
					40.0
				]
			},
			"SRT6" : 
			{
				"Pos" : 
				[
					103.20001220703125,
					19.399982452392578
				],
				"Scale" : 
				[
					40.0,
					40.0
				]
			},
			"SRT7" : 
			{
				"Pos" : 
				[
					7.62939453125e-06,
					-32.200019836425781
				],
				"Scale" : 
				[
					40.0,
					40.0
				]
			},
			"SRT8" : 
			{
				"Pos" : 
				[
					-103.19999694824219,
					-83.800018310546875
				],
				"Scale" : 
				[
					40.0,
					40.0
				]
			},
			"SRT9" : 
			{
				"Pos" : 
				[
					-103.19999694824219,
					19.399982452392578
				],
				"Scale" : 
				[
					40.0,
					40.0
				]
			}
		},