{
	"InvEquipSlotHovers" : 
	{
		"InstanceDesc" : 
		{
			"Center" : 
			[
				0.0,
				0.0,
				0.0
			],
			"Color" : 
			[
				1.0,
				1.0,
				1.0,
				1.0
			],
			"Duration" : 0.0,
			"IsLoop" : false,
			"LifeTime" : 
			[
				0.0,
				0.0
			],
			"Size" : 
			[
				52.0,
				52.0
			],
			"SizeY" : 52.0,
			"Speed" : 
			[
				0.0,
				0.0
			]
		},
		"SRTs" : 
		{
			"SRT0" : 
			{
				"Pos" : 
				[
					-103.19999694824219,
					174.20059204101562
				],
				"Scale" : 
				[
					52.0,
					52.0
				]
			},
			"SRT1" : 
			{
				"Pos" : 
				[
					-51.599994659423828,
					174.20059204101562
				],
				"Scale" : 
				[
					52.0,
					52.0
				]
			},
			"SRT10" : 
			{
				"Pos" : 
				[
					-103.19999694824219,
					71.000518798828125
				],
				"Scale" : 
				[
					52.0,
					52.0
				]
			},
			"SRT11" : 
			{
				"Pos" : 
				[
					-51.599994659423828,
					71.000518798828125
				],
				"Scale" : 
				[
					52.0,
					52.0
				]
			},
			"SRT12" : 
			{
				"Pos" : 
				[
					7.62939453125e-06,
					71.000518798828125
				],
				"Scale" : 
				[
					52.0,
					52.0
				]
			},
			"SRT13" : 
			{
				"Pos" : 
				[
					51.600009918212891,
					71.000518798828125
				],
				"Scale" : 
				[
					52.0,
					52.0
				]
			},
			"SRT14" : 
			{
				"Pos" : 
				[
					103.20001220703125,
					71.000518798828125
				],
				"Scale" : 
				[
					52.0,
					52.0
				]
			},
			"SRT15" : 
			{
				"Pos" : 
				[
					-103.19999694824219,
					19.40032958984375
				],
				"Scale" : 
				[
					52.0,
					52.0
				]
			},
			"SRT16" : 
			{
				"Pos" : 
				[
					-51.599994659423828,
					19.40032958984375
				],
				"Scale" : 
				[
					52.0,
					52.0
				]
			},
			"SRT17" : 
			{
				"Pos" : 
				[
					7.62939453125e-06,
					19.40032958984375
				],
				"Scale" : 
				[
					52.0,
					52.0
				]
			},
			"SRT18" : 
			{
				"Pos" : 
				[
					51.600009918212891,
					19.40032958984375
				],
				"Scale" : 
				[
					52.0,
					52.0
				]
			},
			"SRT19" : 
			{
				"Pos" : 
				[
					103.20001220703125,
					19.40032958984375
				],
				"Scale" : 
				[
					52.0,
					52.0
				]
			},
			"SRT2" : 
			{
				"Pos" : 
				[
					7.62939453125e-06,
					174.20059204101562
				],
				"Scale" : 
				[
					52.0,
					52.0
				]
			},
			"SRT20" : 
			{
				"Pos" : 
				[
					-103.19999694824219,
					-32.199893951416016
				],
				"Scale" : 
				[
					52.0,
					52.0
				]
			},
			"SRT21" : 
			{
				"Pos" : 
				[
					-51.599994659423828,
					-32.199893951416016
				],
				"Scale" : 
				[
					52.0,
					52.0
				]
			},
			"SRT22" : 
			{
				"Pos" : 
				[
					7.6293940765026491e-06,
					-32.199893951416016
				],
				"Scale" : 
				[
					52.0,
					52.0
				]
			},
			"SRT23" : 
			{
				"Pos" : 
				[
					51.600009918212891,
					-32.199893951416016
				],
				"Scale" : 
				[
					52.0,
					52.0
				]
			},
			"SRT24" : 
			{
				"Pos" : 
				[
					103.20001220703125,
					-32.199893951416016
				],
				"Scale" : 
				[
					52.0,
					52.0
				]
			},
			"SRT25" : 
			{
				"Pos" : 
				[
					-103.19999694824219,
					-83.799995422363281
				],
				"Scale" : 
				[
					52.0,
					52.0
				]
			},
			"SRT26" : 
			{
				"Pos" : 
				[
					-51.599994659423828,
					-83.799995422363281
				],
				"Scale" : 
				[
					52.0,
					52.0
				]
			},
			"SRT27" : 
			{
				"Pos" : 
				[
					7.62939453125e-06,
					-83.799995422363281
				],
				"Scale" : 
				[
					52.0,
					52.0
				]
			},
			"SRT28" : 
			{
				"Pos" : 
				[
					51.600009918212891,
					-83.799995422363281
				],
				"Scale" : 
				[
					52.0,
					52.0
				]
			},
			"SRT29" : 
			{
				"Pos" : 
				[
					103.20001220703125,
					-83.799995422363281
				],
				"Scale" : 
				[
					52.0,
					52.0
				]
			},
			"SRT3" : 
			{
				"Pos" : 
				[
					51.600009918212891,
					174.20059204101562
				],
				"Scale" : 
				[
					52.0,
					52.0
				]
			},
			"SRT30" : 
			{
				"Pos" : 
				[
					-103.19999694824219,
					-135.40000915527344
				],
				"Scale" : 
				[
					52.0,
					52.0
				]
			},
			"SRT31" : 
			{
				"Pos" : 
				[
					-51.599994659423828,
					-135.40000915527344
				],
				"Scale" : 
				[
					52.0,
					52.0
				]
			},
			"SRT32" : 
			{
				"Pos" : 
				[
					7.6293940765026491e-06,
					-135.40000915527344
				],
				"Scale" : 
				[
					52.0,
					52.0
				]
			},
			"SRT33" : 
			{
				"Pos" : 
				[
					51.600009918212891,
					-135.40000915527344
				],
				"Scale" : 
				[
					52.0,
					52.0
				]
			},
			"SRT34" : 
			{
				"Pos" : 
				[
					103.20001220703125,
					-135.40000915527344
				],
				"Scale" : 
				[
					52.0,
					52.0
				]
			},
			"SRT35" : 
			{
				"Pos" : 
				[
					-103.19999694824219,
					-186.99995422363281
				],
				"Scale" : 
				[
					52.0,
					52.0
				]
			},
			"SRT36" : 
			{
				"Pos" : 
				[
					-51.599994659423828,
					-186.99995422363281
				],
				"Scale" : 
				[
					52.0,
					52.0
				]
			},
			"SRT37" : 
			{
				"Pos" : 
				[
					7.62939453125e-06,
					-186.99995422363281
				],
				"Scale" : 
				[
					52.0,
					52.0
				]
			},
			"SRT38" : 
			{
				"Pos" : 
				[
					51.600009918212891,
					-186.99995422363281
				],
				"Scale" : 
				[
					52.0,
					52.0
				]
			},
			"SRT39" : 
			{
				"Pos" : 
				[
					103.20001220703125,
					-186.99995422363281
				],
				"Scale" : 
				[
					52.0,
					52.0
				]
			},
			"SRT4" : 
			{
				"Pos" : 
				[
					103.20001220703125,
					174.20059204101562
				],
				"Scale" : 
				[
					52.0,
					52.0
				]
			},
			"SRT40" : 
			{
				"Pos" : 
				[
					-103.19999694824219,
					-238.59982299804688
				],
				"Scale" : 
				[
					52.0,
					52.0
				]
			},
			"SRT41" : 
			{
				"Pos" : 
				[
					-51.599994659423828,
					-238.59982299804688
				],
				"Scale" : 
				[
					52.0,
					52.0
				]
			},
			"SRT42" : 
			{
				"Pos" : 
				[
					7.62939453125e-06,
					-238.59982299804688
				],
				"Scale" : 
				[
					52.0,
					52.0
				]
			},
			"SRT43" : 
			{
				"Pos" : 
				[
					51.600009918212891,
					-238.59982299804688
				],
				"Scale" : 
				[
					52.0,
					52.0
				]
			},
			"SRT44" : 
			{
				"Pos" : 
				[
					103.20001220703125,
					-238.59982299804688
				],
				"Scale" : 
				[
					52.0,
					52.0
				]
			},
			"SRT45" : 
			{
				"Pos" : 
				[
					-103.19999694824219,
					-290.19967651367188
				],
				"Scale" : 
				[
					52.0,
					52.0
				]
			},
			"SRT46" : 
			{
				"Pos" : 
				[
					-51.599994659423828,
					-290.19967651367188
				],
				"Scale" : 
				[
					52.0,
					52.0
				]
			},
			"SRT47" : 
			{
				"Pos" : 
				[
					7.62939453125e-06,
					-290.19967651367188
				],
				"Scale" : 
				[
					52.0,
					52.0
				]
			},
			"SRT48" : 
			{
				"Pos" : 
				[
					51.600009918212891,
					-290.19967651367188
				],
				"Scale" : 
				[
					52.0,
					52.0
				]
			},
			"SRT49" : 
			{
				"Pos" : 
				[
					103.20001220703125,
					-290.19967651367188
				],
				"Scale" : 
				[
					52.0,
					52.0
				]
			},
			"SRT5" : 
			{
				"Pos" : 
				[
					-103.19999694824219,
					122.60066986083984
				],
				"Scale" : 
				[
					52.0,
					52.0
				]
			},
			"SRT6" : 
			{
				"Pos" : 
				[
					-51.599994659423828,
					122.60066986083984
				],
				"Scale" : 
				[
					52.0,
					52.0
				]
			},
			"SRT7" : 
			{
				"Pos" : 
				[
					7.62939453125e-06,
					122.60066986083984
				],
				"Scale" : 
				[
					52.0,
					52.0
				]
			},
			"SRT8" : 
			{
				"Pos" : 
				[
					51.600009918212891,
					122.60066986083984
				],
				"Scale" : 
				[
					52.0,
					52.0
				]
			},
			"SRT9" : 
			{
				"Pos" : 
				[
					103.20001220703125,
					122.60066986083984
				],
				"Scale" : 
				[
					52.0,
					52.0
				]
			}
		},
		"Textures" : 
		{
			"Diffuse" : 
			[
				"TEX_MainTab_Hover"
			]
		},
		"UIDesc" : 
		{
			"UIDiscardAlpha" : 0.10000000149011612,
			"UIIsMasked" : false,