{
	"InvMiscSlots" : 
	{
		"InstanceDesc" : 
		{
			"Center" : 
			[
				0.0,
				0.0,
				0.0
			],
			"Color" : 
			[
				1.0,
				1.0,
				1.0,
				1.0
			],
			"Duration" : 0.0,
			"IsLoop" : false,
			"LifeTime" : 
			[
				0.0,
				0.0
			],
			"Size" : 
			[
				40.0,
				40.0
			],
			"SizeY" : 40.0,
			"Speed" : 
			[
				0.0,
				0.0
			]
		},
		"SRTs" : 
		{
			"SRT0" : 
			{
				"Pos" : 
				[
					-103.19999694824219,
					174.20001220703125
				],
				"Scale" : 
				[
					40.0,
					40.0
				]
			},
			"SRT1" : 
			{
				"Pos" : 
				[
					-51.599994659423828,
					174.20001220703125
				],
				"Scale" : 
				[
					40.0,
					40.0
				]
			},
			"SRT10" : 
			{
				"Pos" : 
				[
					-103.19999694824219,
					71.0
				],
				"Scale" : 
				[
					40.0,
					40.0
				]
			},
			"SRT11" : 
			{
				"Pos" : 
				[
					-51.599994659423828,
					71.0
				],
				"Scale" : 
				[
					40.0,
					40.0
				]
			},
			"SRT12" : 
			{
				"Pos" : 
				[
					7.62939453125e-06,
					71.0
				],
				"Scale" : 
				[
					40.0,
					40.0
				]
			},
			"SRT13" : 
			{
				"Pos" : 
				[
					51.600009918212891,
					71.0
				],
				"Scale" : 
				[
					40.0,
					40.0
				]
			},
			"SRT14" : 
			{
				"Pos" : 
				[
					103.20001220703125,
					71.0
				],
				"Scale" : 
				[
					40.0,
					40.0
				]
			},
			"SRT2" : 
			{
				"Pos" : 
				[
					7.62939453125e-06,
					174.20001220703125
				],
				"Scale" : 
				[
					40.0,
					40.0
				]
			},
			"SRT3" : 
			{
				"Pos" : 
				[
					51.600009918212891,
					174.20001220703125
				],
				"Scale" : 
				[
					40.0,
					40.0
				]
			},
			"SRT4" : 
			{
				"Pos" : 
				[
					103.20001220703125,
					174.20001220703125
				],
				"Scale" : 
				[
					40.0,
					40.0
				]
			},
			"SRT5" : 
			{
				"Pos" : 
				[
					-103.19999694824219,
					122.60000610351562
				],
				"Scale" : 
				[
					40.0,
					40.0
				]
			},
			"SRT6" : 
			{
				"Pos" : 
				[
					-51.599994659423828,
					122.60000610351562
				],
				"Scale" : 
				[
					40.0,
					40.0
				]
			},
			"SRT7" : 
			{
				"Pos" : 
				[
					7.62939453125e-06,
					122.60000610351562
				],
				"Scale" : 
				[
					40.0,
					40.0
				]
			},
			"SRT8" : 
			{
				"Pos" : 
				[
					51.600009918212891,
					122.60000610351562
				],
				"Scale" : 
				[
					40.0,
					40.0
				]
			},
			"SRT9" : 
			{
				"Pos" : 
				[
					103.20001220703125,
					122.60000610351562
				],
				"Scale" : 
				[
					40.0,
					40.0
				]
			}
		},
		"Textures" : 
		{
			"Diffuse" : 
			[
				"I_Enchant_Weapon_KAA_001",
				"I_Enchant_Armor_KAA_001"
			]
		},
		"UIDesc": {
			"UIDiscardAlpha": 0.10000000149011612,
			"UIIsMasked": false,
			"UIIsNoised": false,
			"UIItemType": 4,
			"UILayer": 1,
			"UIPassIndex": 1,
			"UISlotType": 1,
			"UITag": "MiscSlot0",
			"UIType": 31,
			"UIZOrder": 0.43000000715255737
		}
	}
}