{
	"InvUsableSlotBGs" : 
	{
		"InstanceDesc" : 
		{
			"Center" : 
			[
				0.0,
				0.0,
				0.0
			],
			"Color" : 
			[
				1.0,
				1.0,
				1.0,
				1.0
			],
			"Duration" : 0.0,
			"IsLoop" : false,
			"LifeTime" : 
			[
				0.0,
				0.0
			],
			"Size" : 
			[
				40.0,
				40.0
			],
			"SizeY" : 40.0,
			"Speed" : 
			[
				0.0,
				0.0
			]
		},
		"SRTs" : 
		{
			"SRT0" : 
			{
				"Pos" : 
				[
					-103.19999694824219,
					174.19999694824219
				],
				"Scale" : 
				[
					40.0,
					40.0
				]
			},
			"SRT1" : 
			{
				"Pos" : 
				[
					-51.599994659423828,
					174.19999694824219
				],
				"Scale" : 
				[
					40.0,
					40.0
				]
			},
			"SRT10" : 
			{
				"Pos" : 
				[
					-103.19999694824219,
					70.999984741210938
				],
				"Scale" : 
				[
					40.0,
					40.0
				]
			},
			"SRT11" : 
			{
				"Pos" : 
				[
					-51.599994659423828,
					70.999984741210938
				],
				"Scale" : 
				[
					40.0,
					40.0
				]
			},
			"SRT12" : 
			{
				"Pos" : 
				[
					7.62939453125e-06,
					70.999984741210938
				],
				"Scale" : 
				[
					40.0,
					40.0
				]
			},
			"SRT13" : 
			{
				"Pos" : 
				[
					51.600009918212891,
					70.999984741210938
				],
				"Scale" : 
				[
					40.0,
					40.0
				]
			},
			"SRT14" : 
			{
				"Pos" : 
				[
					103.20001220703125,
					70.999984741210938
				],
				"Scale" : 
				[
					40.0,
					40.0
				]
			},
			"SRT2" : 
			{
				"Pos" : 
				[
					7.62939453125e-06,
					174.19999694824219
				],
				"Scale" : 
				[
					40.0,
					40.0
				]
			},
			"SRT3" : 
			{
				"Pos" : 
				[
					51.600009918212891,
					174.19999694824219
				],
				"Scale" : 
				[
					40.0,
					40.0
				]
			},
			"SRT4" : 
			{
				"Pos" : 
				[
					103.20001220703125,
					174.19999694824219
				],
				"Scale" : 
				[
					40.0,
					40.0
				]
			},
			"SRT5" : 
			{
				"Pos" : 
				[
					-103.19999694824219,
					122.59999084472656
				],
				"Scale" : 
				[
					40.0,
					40.0
				]
			},
			"SRT6" : 
			{
				"Pos" : 
				[
					-51.599994659423828,
					122.59999084472656
				],
				"Scale" : 
				[
					40.0,
					40.0
				]
			},
			"SRT7" : 
			{
				"Pos" : 
				[
					7.62939453125e-06,
					122.59999084472656
				],
				"Scale" : 
				[
					40.0,
					40.0
				]
			},
			"SRT8" : 
			{
				"Pos" : 
				[
					51.600009918212891,
					122.59999084472656
				],
				"Scale" : 
				[
					40.0,
					40.0
				]
			},
			"SRT9" : 
			{
				"Pos" : 
				[
					103.20001220703125,
					122.59999084472656
				],
				"Scale" : 
				[
					40.0,
					40.0
				]
			}
		},
		"Textures" : 
		{
			"Diffuse" : 
			[
				"BG_ItemGrade_01",
				"BG_ItemGrade_02",
				"BG_ItemGrade_03",
				"BG_ItemGrade_04",
				"BG_ItemGrade_05",
				"BG_ItemGrade_06",
				"BG_ItemGrade_07"
			]
		},
		"UIDesc" : 
		{
			"UIDiscardAlpha" : 0.10000000149011612,
			"UIIsMasked" : false,
			"UIIsNoised" : false,
			"UILayer" : 1,
			"UIPassIndex" : 0,
			"UISlotType" : 6,
			"UITag" : "UsableSlot0BG",
			"UIType" : 30,
			"UIZOrder" : 0.43999999761581421
		}
	}
}