{
	"InvUsableSlotHovers" : 
	{
		"InstanceDesc" : 
		{
			"Center" : 
			[
				0.0,
				0.0,
				0.0
			],
			"Color" : 
			[
				1.0,
				1.0,
				1.0,
				1.0
			],
			"Duration" : 0.0,
			"IsLoop" : false,
			"LifeTime" : 
			[
				0.0,
				0.0
			],
			"Size" : 
			[
				52.0,
				52.0
			],
			"SizeY" : 52.0,
			"Speed" : 
			[
				0.0,
				0.0
			]
		},
		"SRTs" : 
		{
			"SRT0" : 
			{
				"Pos" : 
				[
					-103.19999694824219,
					174.20001220703125
				],
				"Scale" : 
				[
					52.0,
					52.0
				]
			},
			"SRT1" : 
			{
				"Pos" : 
				[
					-51.599994659423828,
					174.20001220703125
				],
				"Scale" : 
				[
					52.0,
					52.0
				]
			},
			"SRT10" : 
			{
				"Pos" : 
				[
					-103.19999694824219,
					71.0
				],
				"Scale" : 
				[
					52.0,
					52.0
				]
			},
			"SRT11" : 
			{
				"Pos" : 
				[
					-51.599994659423828,
					71.0
				],
				"Scale" : 
				[
					52.0,
					52.0
				]
			},
			"SRT12" : 
			{
				"Pos" : 
				[
					7.62939453125e-06,
					71.0
				],
				"Scale" : 
				[
					52.0,
					52.0
				]
			},
			"SRT13" : 
			{
				"Pos" : 
				[
					51.600009918212891,
					71.0
				],
				"Scale" : 
				[
					52.0,
					52.0
				]
			},
			"SRT14" : 
			{
				"Pos" : 
				[
					103.20001220703125,
					71.0
				],
				"Scale" : 
				[
					52.0,
					52.0
				]
			},
			"SRT2" : 
			{
				"Pos" : 
				[
					7.62939453125e-06,
					174.20001220703125
				],
				"Scale" : 
				[
					52.0,
					52.0
				]
			},
			"SRT3" : 
			{
				"Pos" : 
				[
					51.600009918212891,
					174.20001220703125
				],
				"Scale" : 
				[
					52.0,
					52.0
				]
			},
			"SRT4" : 
			{
				"Pos" : 
				[
					103.20001220703125,
					174.20001220703125
				],
				"Scale" : 
				[
					52.0,
					52.0
				]
			},
			"SRT5" : 
			{
				"Pos" : 
				[
					-103.19999694824219,
					122.60000610351562
				],
				"Scale" : 
				[
					52.0,
					52.0
				]
			},
			"SRT6" : 
			{
				"Pos" : 
				[
					-51.599994659423828,
					122.60000610351562
				],
				"Scale" : 
				[
					52.0,
					52.0
				]
			},
			"SRT7" : 
			{
				"Pos" : 
				[
					7.62939453125e-06,
					122.60000610351562
				],
				"Scale" : 
				[
					52.0,
					52.0
				]
			},
			"SRT8" : 
			{
				"Pos" : 
				[
					51.600009918212891,
					122.60000610351562
				],
				"Scale" : 
				[
					52.0,
					52.0
				]
			},
			"SRT9" : 
			{
				"Pos" : 
				[
					103.20001220703125,
					122.60000610351562
				],
				"Scale" : 
				[
					52.0,
					52.0
				]
			}
		},
		"Textures" : 
		{
			"Diffuse" : 
			[
				"TEX_MainTab_Hover"
			]
		},
		"UIDesc" : 
		{
			"UIDiscardAlpha" : 0.10000000149011612,
			"UIIsMasked" : false,
			"UIIsNoised" : false,
			"UILayer" : 1,
			"UIPassIndex" : 3,
			"UISlotType" : 6,
			"UITag" : "UsableSlot0Hover",
			"UIType" : 34,
			"UIZOrder" : 0.41999998688697815
		}
	}
}