{
	"MainQuestIndicator" : 
	{
		"Children" : 
		{
			"NumChildren" : 0
		},
		"InstanceDesc" : 
		{
			"Center" : 
			[
				0.0,
				0.0,
				0.0
			],
			"Color" : 
			[
				1.0,
				1.0,
				1.0,
				1.0
			],
			"Duration" : 0.0,
			"IsLoop" : false,
			"LifeTime" : 
			[
				0.0,
				0.0
			],
			"Pivot" : 
			[
				0.0,
				0.0,
				0.0
			],
			"Range" : 
			[
				0.0,
				0.0,
				0.0
			],
			"Size" : 
			[
				48.0,
				48.0
			],
			"SizeY" : 48.0,
			"Speed" : 
			[
				0.0,
				0.0
			]
		},
		"SRT" : 
		{
			"Pos" : 
			[
				0.0,
				0.0
			],
			"Scale" : 
			[
				48.0,
				48.0
			]
		},
		"Textures" : 
		{
			"Diffuse" : 
			[
				"Tex_CodexAdventure_Normal"
			]
		},
		"UIDesc" : 
		{
			"UIDiscardAlpha" : 0.5,
			"UIIsMasked" : false,
			"UIIsNoised" : false,
			"UILayer" : 0,
			"UIPassIndex" : 0,
			"UISlotType" : 6,
			"UITag" : "MainQuestIndicator",
			"UITexType" : 0,
			"UIType" : 12,
			"UIZOrder" : 0.10000000149011612
		}
	},
	"MainQuestIndicatorText" : 
	{
		"Children" : 
		{
			"NumChildren" : 0
		},
		"InstanceDesc" : 
		{
			"Center" : 
			[
				0.0,
				0.0,
				0.0
			],
			"Color" : 
			[
				1.0,
				0.0,
				1.0,
				1.0
			],
			"Duration" : 0.0,
			"IsLoop" : false,
			"LifeTime" : 
			[
				0.0,
				0.0
			],
			"Pivot" : 
			[
				0.0,
				0.0,
				0.0
			],
			"Range" : 
			[
				0.0,
				0.0,
				0.0
			],
			"Size" : 
			[
				48.0,
				48.0
			],
			"SizeY" : 48.0,
			"Speed" : 
			[
				0.0,
				0.0
			]
		},
		"SRT" : 
		{
			"Pos" : 
			[
				0.0,
				-65.0
			],
			"Scale" : 
			[
				48.0,
				48.0
			]
		},
		"Textures" : 
		{
			"Diffuse" : 
			[
				"Tex_CodexAdventure_Normal"
			]
		},
		"UIDesc" : 
		{
			"UIDiscardAlpha" : 0.10000000149011612,
			"UIIsMasked" : false,
			"UIIsNoised" : false,
			"UILayer" : 0,
			"UIPassIndex" : 9,
			"UISlotType" : 6,
			"UITag" : "MainQuestIndicatorText",
			"UITexType" : 2,
			"UIType" : 44,
			"UIZOrder" : 0.10999999940395355
		}
	},
	"MainQuestIndicatorUV" : 
	{
		"AtlasUVs" : 
		[
			[
				0.0,
				0.0,
				0.1666666716337204,
				0.1666666716337204
			],
			[
				0.1666666716337204,
				0.0,
				0.3333333432674408,
				0.1666666716337204
			],
			[
				0.3333333432674408,
				0.0,
				0.5,
				0.1666666716337204
			],
			[
				0.5,
				0.0,
				0.66666668653488159,
				0.1666666716337204
			],
			[
				0.66666668653488159,
				0.0,
				0.83333331346511841,
				0.1666666716337204
			],
			[
				0.83333331346511841,
				0.0,
				1.0,
				0.1666666716337204
			],
			[
				0.0,
				0.1666666716337204,
				0.1666666716337204,
				0.3333333432674408
			],
			[
				0.1666666716337204,
				0.1666666716337204,
				0.3333333432674408,
				0.3333333432674408
			],
			[
				0.3333333432674408,
				0.1666666716337204,
				0.5,
				0.3333333432674408
			],
			[
				0.5,
				0.1666666716337204,
				0.66666668653488159,
				0.3333333432674408
			],
			[
				0.66666668653488159,
				0.1666666716337204,
				0.83333331346511841,
				0.3333333432674408
			],
			[
				0.83333331346511841,
				0.1666666716337204,
				1.0,
				0.3333333432674408
			],
			[
				0.0,
				0.3333333432674408,
				0.1666666716337204,
				0.5
			],
			[
				0.1666666716337204,
				0.3333333432674408,
				0.3333333432674408,
				0.5
			],
			[
				0.3333333432674408,
				0.3333333432674408,
				0.5,
				0.5
			],
			[
				0.5,
				0.3333333432674408,
				0.66666668653488159,
				0.5
			],
			[
				0.66666668653488159,
				0.3333333432674408,
				0.83333331346511841,
				0.5
			],
			[
				0.83333331346511841,
				0.3333333432674408,
				1.0,
				0.5
			],
			[
				0.0,
				0.5,
				0.1666666716337204,
				0.66666668653488159
			],
			[
				0.1666666716337204,
				0.5,
				0.3333333432674408,
				0.66666668653488159
			],
			[
				0.3333333432674408,
				0.5,
				0.5,
				0.66666668653488159
			],
			[
				0.5,
				0.5,
				0.66666668653488159,
				0.66666668653488159
			],
			[
				0.66666668653488159,
				0.5,
				0.83333331346511841,
				0.66666668653488159
			],
			[
				0.83333331346511841,
				0.5,
				1.0,
				0.66666668653488159
			],
			[
				0.0,
				0.66666668653488159,
				0.1666666716337204,
				0.83333331346511841
			],
			[
				0.1666666716337204,
				0.66666668653488159,
				0.3333333432674408,
				0.83333331346511841
			],
			[
				0.3333333432674408,
				0.66666668653488159,
				0.5,
				0.83333331346511841
			],
			[
				0.5,
				0.66666668653488159,
				0.66666668653488159,
				0.83333331346511841
			],
			[
				0.66666668653488159,
				0.66666668653488159,
				0.83333331346511841,
				0.83333331346511841
			],
			[
				0.83333331346511841,
				0.66666668653488159,
				1.0,
				0.83333331346511841
			],
			[
				0.0,
				0.83333331346511841,
				0.1666666716337204,
				1.0
			],
			[
				0.1666666716337204,
				0.83333331346511841,
				0.3333333432674408,
				1.0
			],
			[
				0.3333333432674408,
				0.83333331346511841,
				0.5,
				1.0
			],
			[
				0.5,
				0.83333331346511841,
				0.66666668653488159,
				1.0
			],
			[
				0.66666668653488159,
				0.83333331346511841,
				0.83333331346511841,
				1.0
			],
			[
				0.83333331346511841,
				0.83333331346511841,
				1.0,
				1.0
			]
		],
		"Children" : 
		{
			"NumChildren" : 0
		},
		"InstanceDesc" : 
		{
			"Center" : 
			[
				0.0,
				0.0,
				0.0
			],
			"Color" : 
			[
				1.0,
				0.0,
				1.0,
				1.0
			],
			"Duration" : 0.0,
			"IsLoop" : false,
			"LifeTime" : 
			[
				0.0,
				0.0
			],
			"Pivot" : 
			[
				0.0,
				0.0,
				0.0
			],
			"Range" : 
			[
				0.0,
				0.0,
				0.0
			],
			"Size" : 
			[
				48.0,
				48.0
			],
			"SizeY" : 48.0,
			"Speed" : 
			[
				0.0,
				0.0
			]
		},
		"SRT" : 
		{
			"Pos" : 
			[
				0.0,
				0.0
			],
			"Scale" : 
			[
				48.0,
				48.0
			]
		},
		"Textures" : 
		{
			"Diffuse" : 
			[
				"Tex_CodexAdventure_Normal"
			],
			"Mask" : "circleBoomFX"
		},
		"UIDesc" : 
		{
			"UIDiscardAlpha" : 0.10000000149011612,
			"UIIsMasked" : true,
			"UIIsNoised" : false,
			"UILayer" : 0,
			"UIPassIndex" : 6,
			"UISlotType" : 6,
			"UITag" : "MainQuestIndicatorUV",
			"UITexType" : 2,
			"UIType" : 10,
			"UIZOrder" : 0.10999999940395355
		}
	}
}