{
	"TradeDDecoBGsNormal" : 
	{
		"InstanceDesc" : 
		{
			"Center" : 
			[
				0.0,
				0.0,
				0.0
			],
			"Color" : 
			[
				1.0,
				1.0,
				1.0,
				1.0
			],
			"Duration" : 0.0,
			"IsLoop" : false,
			"LifeTime" : 
			[
				0.0,
				0.0
			],
			"Size" : 
			[
				109.0,
				109.0
			],
			"SizeY" : 260.0,
			"Speed" : 
			[
				0.0,
				0.0
			]
		},
		"SRTs" : 
		{
			"SRT0" : 
			{
				"Pos" : 
				[
					-565.0,
					235.0
				],
				"Scale" : 
				[
					109.0,
					260.0
				]
			},
			"SRT1" : 
			{
				"Pos" : 
				[
					-565.0,
					10.0
				],
				"Scale" : 
				[
					32.0,
					34.819999694824219
				]
			},
			"SRT10" : 
			{
				"Pos" : 
				[
					230.0,
					243.5
				],
				"Scale" : 
				[
					36.0,
					76.0
				]
			},
			"SRT11" : 
			{
				"Pos" : 
				[
					230.0,
					167.5
				],
				"Scale" : 
				[
					36.0,
					76.0
				]
			},
			"SRT12" : 
			{
				"Pos" : 
				[
					230.0,
					92.0
				],
				"Scale" : 
				[
					36.0,
					76.0
				]
			},
			"SRT13" : 
			{
				"Pos" : 
				[
					230.0,
					15.5
				],
				"Scale" : 
				[
					36.0,
					76.0
				]
			},
			"SRT14" : 
			{
				"Pos" : 
				[
					230.0,
					-60.5
				],
				"Scale" : 
				[
					36.0,
					76.0
				]
			},
			"SRT15" : 
			{
				"Pos" : 
				[
					230.0,
					-136.5
				],
				"Scale" : 
				[
					36.0,
					76.0
				]
			},
			"SRT16" : 
			{
				"Pos" : 
				[
					230.0,
					-212.5
				],
				"Scale" : 
				[
					36.0,
					76.0
				]
			},
			"SRT17" : 
			{
				"Pos" : 
				[
					230.0,
					-288.5
				],
				"Scale" : 
				[
					36.0,
					76.0
				]
			},
			"SRT18" : 
			{
				"Pos" : 
				[
					230.0,
					-364.5
				],
				"Scale" : 
				[
					36.0,
					76.0
				]
			},
			"SRT19" : 
			{
				"Pos" : 
				[
					0.0,
					325.0
				],
				"Scale" : 
				[
					137.0,
					24.0
				]
			},
			"SRT2" : 
			{
				"Pos" : 
				[
					310.0,
					220.0
				],
				"Scale" : 
				[
					32.0,
					34.819999694824219
				]
			},
			"SRT20" : 
			{
				"Pos" : 
				[
					490.0,
					-167.5
				],
				"Scale" : 
				[
					137.0,
					24.0
				]
			},
			"SRT3" : 
			{
				"Pos" : 
				[
					523.5,
					225.0
				],
				"Scale" : 
				[
					60.0,
					60.0
				]
			},
			"SRT4" : 
			{
				"Pos" : 
				[
					310.0,
					-170.0
				],
				"Scale" : 
				[
					32.0,
					34.819999694824219
				]
			},
			"SRT5" : 
			{
				"Pos" : 
				[
					418.0,
					-180.0
				],
				"Scale" : 
				[
					318.0,
					106.0
				]
			},
			"SRT6" : 
			{
				"Pos" : 
				[
					418.0,
					-240.0
				],
				"Scale" : 
				[
					300.0,
					50.400001525878906
				]
			},
			"SRT7" : 
			{
				"Pos" : 
				[
					418.0,
					-310.0
				],
				"Scale" : 
				[
					200.0,
					74.0
				]
			},
			"SRT8" : 
			{
				"Pos" : 
				[
					230.0,
					320.0
				],
				"Scale" : 
				[
					36.0,
					76.0
				]
			},
			"SRT9" : 
			{
				"Pos" : 
				[
					590.0,
					310.0
				],
				"Scale" : 
				[
					68.0,
					68.0
				]
			}
		},
		"Textures" : 
		{
			"Diffuse" : 
			[
				"Tex_NPC_Title_Flag"
			]
		},
		"UIDesc" : 
		{
			"UIDiscardAlpha" : 0.0,
			"UIIsMasked" : false,
			"UIIsNoised" : false,
			"UILayer" : 1,
			"UIPassIndex" : 0,
			"UISlotType" : 6,
			"UITag" : "TradeDDecoBG0",
			"UIType" : 12,
			"UIZOrder" : 0.27000001072883606
		}
	}
}