{
	"50" : 
	{
		"AnimName" : "M_Orc_Warrior_001_SK.ao|M_Orc_Warrior_USkdmgA",
		"ShapeInfo" : 
		{
			"MyFlag" : 2048,
			"OffSetPos" : 
			[
				-0.80000001192092896,
				2.0,
				1.0
			],
			"OffSetRot" : 
			[
				0.0,
				0.0,
				0.0
			],
			"Size" : 
			{
				"BoxSize" : 
				[
					3.5,
					2.0,
					2.7000000476837158
				]
			},
			"TargetFlag" : 34,
			"Type" : 1
		},
		"TrackPos" : 
		{
			"EndPos" : 30.493000030517578,
			"StartPos" : 28.653999328613281
		}
	},
	"51" : 
	{
		"AnimName" : "M_Orc_Warrior_001_SK.ao|M_Orc_Warrior_USkdmgB",
		"ShapeInfo" : 
		{
			"MyFlag" : 2048,
			"OffSetPos" : 
			[
				0.0,
				2.0,
				1.7999999523162842
			],
			"OffSetRot" : 
			[
				0.0,
				0.0,
				0.0
			],
			"Size" : 
			{
				"BoxSize" : 
				[
					3.2000000476837158,
					1.0,
					2.7000000476837158
				]
			},
			"TargetFlag" : 34,
			"Type" : 1
		},
		"TrackPos" : 
		{
			"EndPos" : 31.142999649047852,
			"StartPos" : 29.0
		}
	}
}