{
	"0" : 
	{
		"At" : 
		[
			0.0,
			0.5,
			0.0
		],
		"Eye" : 
		[
			1.2999999523162842,
			1.1000000238418579,
			1.0
		],
		"LerpTime" : 1.0
	},
	"1" : 
	{
		"At" : 
		[
			0.0,
			0.5,
			0.0
		],
		"Eye" : 
		[
			0.0,
			1.1499999761581421,
			1.6500381231307983
		],
		"LerpTime" : 1.0
	},
	"2" : 
	{
		"At" : 
		[
			0.0,
			0.80000001192092896,
			0.0
		],
		"Eye" : 
		[
			-1.2999999523162842,
			1.1000000238418579,
			1.0
		],
		"LerpTime" : 0.40000000596046448
	},
	"3" : 
	{
		"At" : 
		[
			0.0,
			0.5,
			0.0
		],
		"Eye" : 
		[
			0.0,
			0.44195306301116943,
			1.20337975025177
		],
		"LerpTime" : 1.0
	}
}