{
	"0" : 
	{
		"At" : 
		[
			165.22599792480469,
			13.267999649047852,
			82.015998840332031
		],
		"Eye" : 
		[
			161.72700500488281,
			13.840999603271484,
			79.123001098632812
		],
		"LerpTime" : 1.2000000476837158
	},
	"1" : 
	{
		"At" : 
		[
			165.22599792480469,
			13.267999649047852,
			82.015998840332031
		],
		"Eye" : 
		[
			162.90411376953125,
			13.65081787109375,
			80.09991455078125
		],
		"LerpTime" : 0.15000000596046448,
		"ShakeInfo" : 
		{
			"Duration" : 0.89999997615814209,
			"RotDesc" : 
			{
				"Amplitude" : 
				[
					0.01745329238474369,
					0.034906584769487381,
					0.013962633907794952
				],
				"BlendInOut" : 
				[
					0.0,
					0.60000002384185791
				],
				"Frequency" : 
				[
					9.0,
					13.0,
					5.0
				],
				"InOutWeight" : 
				[
					1.0,
					1.0
				],
				"ShakeFunc" : 0,
				"isOffSetRand" : false
			},
			"ShakeFlags" : 1,
			"StartTime" : 0.030000001192092896
		}
	},
	"2" : 
	{
		"At" : 
		[
			165.22599792480469,
			13.267999649047852,
			82.015998840332031
		],
		"Eye" : 
		[
			160.6719970703125,
			14.02400016784668,
			78.23712158203125
		],
		"FadeInfo" : 
		{
			"FadeDuration" : 1.0,
			"FadeFlag" : 2,
			"FadeTime" : 1.5
		},
		"LerpTime" : 3.0
	}
}