{
	"0" : 
	{
		"At" : 
		[
			108.70578765869141,
			-69.177558898925781,
			48.405029296875
		],
		"Eye" : 
		[
			110.31102752685547,
			-69.349235534667969,
			50.933475494384766
		],
		"FadeInfo" : 
		{
			"FadeDuration" : 1.5,
			"FadeFlag" : 1,
			"FadeTime" : 0.0
		},
		"LerpTime" : 1.0
	},
	"1" : 
	{
		"At" : 
		[
			110.97338104248047,
			-61.166278839111328,
			47.570571899414062
		],
		"Eye" : 
		[
			111.52211761474609,
			-62.075672149658203,
			50.376125335693359
		],
		"LerpTime" : 1.0
	},
	"2" : 
	{
		"At" : 
		[
			124.81489562988281,
			-50.249019622802734,
			42.559307098388672
		],
		"Eye" : 
		[
			124.61669921875,
			-51.037441253662109,
			45.446922302246094
		],
		"LerpTime" : 1.0
	},
	"3" : 
	{
		"At" : 
		[
			134.09945678710938,
			-44.893390655517578,
			36.340507507324219
		],
		"Eye" : 
		[
			132.64945983886719,
			-45.053871154785156,
			38.961734771728516
		],
		"LerpTime" : 1.6000000238418579
	},
	"4" : 
	{
		"At" : 
		[
			143.91909790039062,
			-42.667270660400391,
			24.006204605102539
		],
		"Eye" : 
		[
			142.34529113769531,
			-41.235507965087891,
			21.891452789306641
		],
		"LerpTime" : 1.1000000238418579
	},
	"5" : 
	{
		"At" : 
		[
			148.25538635253906,
			-43.943424224853516,
			25.251550674438477
		],
		"Eye" : 
		[
			150.67192077636719,
			-42.724933624267578,
			22.500959396362305
		],
		"LerpTime" : 0.49999998807907104
	}
}