{
	"0" : 
	{
		"At" : 
		[
			129.2955322265625,
			21.573984146118164,
			83.249900817871094
		],
		"Eye" : 
		[
			120.63396453857422,
			24.971672058105469,
			88.328598022460938
		],
		"FadeInfo" : 
		{
			"FadeDuration" : 1.2000000476837158,
			"FadeFlag" : 1,
			"FadeTime" : 0.0
		},
		"LerpTime" : 2.0
	},
	"1" : 
	{
		"At" : 
		[
			135.49722290039062,
			19.139131546020508,
			75.243400573730469
		],
		"Eye" : 
		[
			129.7467041015625,
			21.238603591918945,
			76.298370361328125
		],
		"LerpTime" : 1.7999999523162842
	},
	"2" : 
	{
		"At" : 
		[
			150.72686767578125,
			15.647355079650879,
			74.030670166015625
		],
		"Eye" : 
		[
			146.37286376953125,
			16.450014114379883,
			71.698265075683594
		],
		"LerpTime" : 1.7000000476837158
	},
	"3" : 
	{
		"At" : 
		[
			165.22601318359375,
			13.267999649047852,
			82.015609741210938
		],
		"Eye" : 
		[
			161.72700500488281,
			13.840999603271484,
			79.123008728027344
		],
		"LerpTime" : 0.0
	}
}