{
	"0" : 
	{
		"At" : 
		[
			148.2550048828125,
			-43.943000793457031,
			25.25200080871582
		],
		"Eye" : 
		[
			150.6719970703125,
			-42.724998474121094,
			22.500999450683594
		],
		"LerpTime" : 1.5
	},
	"1" : 
	{
		"At" : 
		[
			149.67219543457031,
			-51.364395141601562,
			33.19970703125
		],
		"Eye" : 
		[
			151.62303161621094,
			-46.297027587890625,
			29.611288070678711
		],
		"LerpTime" : 1.5
	},
	"2" : 
	{
		"At" : 
		[
			144.47282409667969,
			-65.044303894042969,
			46.798763275146484
		],
		"Eye" : 
		[
			142.10462951660156,
			-61.991447448730469,
			43.561279296875
		],
		"LerpTime" : 1.5
	},
	"3" : 
	{
		"At" : 
		[
			148.20069885253906,
			-69.916473388671875,
			55.563488006591797
		],
		"Eye" : 
		[
			143.11785888671875,
			-69.802131652832031,
			55.035751342773438
		],
		"LerpTime" : 0.0
	}
}