{
	"0" : 
	{
		"At" : 
		[
			148.20761108398438,
			-69.916000366210938,
			55.547405242919922
		],
		"Eye" : 
		[
			143.11799621582031,
			-69.802001953125,
			55.035999298095703
		],
		"LerpTime" : 1.1000000238418579
	},
	"1" : 
	{
		"At" : 
		[
			148.20799255371094,
			-69.916000366210938,
			55.547000885009766
		],
		"Eye" : 
		[
			144.53646850585938,
			-69.834915161132812,
			55.177692413330078
		],
		"LerpTime" : 0.25,
		"ShakeInfo" : 
		{
			"Duration" : 0.89999997615814209,
			"RotDesc" : 
			{
				"Amplitude": [
					0.01745329238474369,
					0.034906584769487381,
					0.013962633907794952
				],
				"BlendInOut" : 
				[
					0.0,
					0.6
				],
				"Frequency": [
					9.0,
					13.0,
					5.0
				],
				"InOutWeight" : 
				[
					1.0,
					1.0
				],
				"ShakeFunc" : 0,
				"isOffSetRand" : false
			},
			"ShakeFlags" : 1,
			"StartTime" : 0.0099999997764825821
		}
	},
	"2" : 
	{
		"At" : 
		[
			148.20799255371094,
			-69.916000366210938,
			55.547000885009766
		],
		"Eye" : 
		[
			141.58100891113281,
			-69.762580871582031,
			54.887935638427734
		],
		"FadeInfo" : 
		{
			"FadeDuration" : 1.0,
			"FadeFlag" : 2,
			"FadeTime" : 1.5
		},
		"LerpTime" : 3.0
	}
}