{
	"0" : 
	{
		"At" : 
		[
			21.050411224365234,
			-23.629409790039062,
			304.06207275390625
		],
		"Eye" : 
		[
			22.913484573364258,
			-25.924041748046875,
			302.93292236328125
		],
		"FadeInfo" : 
		{
			"FadeDuration" : 0.5,
			"FadeFlag" : 1,
			"FadeTime" : 0.0
		},
		"LerpTime" : 1.2999999523162842
	},
	"1" : 
	{
		"At" : 
		[
			21.049999237060547,
			-23.629409790039062,
			304.06201171875
		],
		"Eye" : 
		[
			22.913000106811523,
			-25.924041748046875,
			302.93301391601562
		],
		"LerpTime" : 0.20000000298023224,
		"ShakeInfo" : 
		{
			"Duration" : 0.5,
			"LocDesc" : 
			{
				"Amplitude" : 
				[
					0.15000000596046448,
					0.30000001192092896,
					0.10000000149011612
				],
				"BlendInOut" : 
				[
					0.0,
					0.40000000596046448
				],
				"Frequency" : 
				[
					4.0,
					5.0,
					8.0
				],
				"InOutWeight" : 
				[
					1.5,
					1.7000000476837158
				],
				"ShakeFunc" : 1,
				"isOffSetRand" : false
			},
			"ShakeFlags" : 2,
			"StartTime" : 0.10000000149011612
		}
	},
	"2" : 
	{
		"At" : 
		[
			20.96272087097168,
			-26.536584854125977,
			304.82830810546875
		],
		"Eye" : 
		[
			23.056850433349609,
			-25.924041748046875,
			302.11508178710938
		],
		"FadeInfo" : 
		{
			"FadeDuration" : 0.30000001192092896,
			"FadeFlag" : 2,
			"FadeTime" : 0.44999998807907104
		},
		"LerpTime" : 0.75
	}
}