{
	"0" : 
	{
		"At" : 
		[
			-5.9455728530883789,
			-26.821620941162109,
			271.35589599609375
		],
		"Eye" : 
		[
			-7.6259350776672363,
			-27.633943557739258,
			273.70431518554688
		],
		"FadeInfo" : 
		{
			"FadeDuration" : 0.5,
			"FadeFlag" : 1,
			"FadeTime" : 0.0
		},
		"LerpTime" : 1.1000000238418579
	},
	"1" : 
	{
		"At" : 
		[
			-5.9455728530883789,
			-26.821620941162109,
			271.35589599609375
		],
		"Eye" : 
		[
			-7.6259350776672363,
			-27.633943557739258,
			273.70431518554688
		],
		"LerpTime" : 0.30000000298023224,
		"ShakeInfo" : 
		{
			"Duration" : 0.80000001192092896,
			"LocDesc" : 
			{
				"Amplitude" : 
				[
					0.10000000149011612,
					0.20000000298023224,
					0.079999998211860657
				],
				"BlendInOut" : 
				[
					0.0,
					0.5
				],
				"Frequency" : 
				[
					3.0,
					5.0,
					2.0
				],
				"InOutWeight" : 
				[
					1.0,
					2.0
				],
				"ShakeFunc" : 1,
				"isOffSetRand" : false
			},
			"RotDesc" : 
			{
				"Amplitude" : 
				[
					0.01745329238474369,
					0.013962633907794952,
					0.0069813169538974762
				],
				"BlendInOut" : 
				[
					0.0,
					0.5
				],
				"Frequency" : 
				[
					16.0,
					12.0,
					8.0
				],
				"InOutWeight" : 
				[
					1.0,
					2.0
				],
				"ShakeFunc" : 0,
				"isOffSetRand" : false
			},
			"ShakeFlags" : 3,
			"StartTime" : 0.10000000149011612
		}
	},
	"2" : 
	{
		"At" : 
		[
			-6.0581016540527344,
			-28.644227981567383,
			271.43875122070312
		],
		"Eye" : 
		[
			-7.6259350776672363,
			-27.633943557739258,
			273.70431518554688
		],
		"FadeInfo" : 
		{
			"FadeDuration" : 0.7,
			"FadeFlag" : 2,
			"FadeTime" : 0.89999998807907104
		},
		"LerpTime" : 3.6000000238418579
	}
}