{
	"0" : 
	{
		"At" : 
		[
			21.620000839233398,
			-23.628999710083008,
			304.09201049804688
		],
		"Eye" : 
		[
			19.475946426391602,
			-25.923999786376953,
			302.788330078125
		],
		"FadeInfo" : 
		{
			"FadeDuration" : 0.5,
			"FadeFlag" : 1,
			"FadeTime" : 0.0
		},
		"LerpTime" : 1.2000000476837158
	},
	"1" : 
	{
		"At" : 
		[
			21.620393753051758,
			-23.628999710083008,
			304.09164428710938
		],
		"Eye" : 
		[
			19.47599983215332,
			-25.923999786376953,
			302.78799438476562
		],
		"LerpTime" : 0.20000000298023224,
		"ShakeInfo" : 
		{
			"Duration" : 0.5,
			"LocDesc" : 
			{
				"Amplitude" : 
				[
					0.15000000596046448,
					0.30000001192092896,
					0.10000000149011612
				],
				"BlendInOut" : 
				[
					0.0,
					0.40000000596046448
				],
				"Frequency" : 
				[
					4.0,
					5.0,
					8.0
				],
				"InOutWeight" : 
				[
					1.5,
					1.7000000476837158
				],
				"ShakeFunc" : 1,
				"isOffSetRand" : false
			},
			"ShakeFlags" : 2,
			"StartTime" : 0.10000000149011612
		}
	},
	"2" : 
	{
		"At" : 
		[
			21.80980110168457,
			-26.53700065612793,
			304.3582763671875
		],
		"Eye" : 
		[
			18.98846435546875,
			-25.787151336669922,
			301.40380859375
		],
		"FadeInfo" : 
		{
			"FadeDuration" : 0.30000001192092896,
			"FadeFlag" : 2,
			"FadeTime" : 0.44999998807907104
		},
		"LerpTime" : 0.75
	}
}