{
	"0" : 
	{
		"At" : 
		[
			21.893157958984375,
			-24.899301528930664,
			303.16644287109375
		],
		"Eye" : 
		[
			18.0,
			-25.900999069213867,
			302.13156127929688
		],
		"FadeInfo" : 
		{
			"FadeDuration" : 1.0,
			"FadeFlag" : 1,
			"FadeTime" : 0.0
		},
		"LerpTime" : 1.5
	},
	"1" : 
	{
		"At" : 
		[
			21.892999649047852,
			-26.097999572753906,
			301.373046875
		],
		"Eye" : 
		[
			18.0,
			-26.084999084472656,
			301.45401000976562
		],
		"FadeInfo" : 
		{
			"FadeDuration" : 0.80000001192092896,
			"FadeFlag" : 2,
			"FadeTime" : 1.0900000333786011
		},
		"LerpTime" : 1.5
	},
	"2" : 
	{
		"At" : 
		[
			21.892999649047852,
			-27.297443389892578,
			299.420166015625
		],
		"Eye" : 
		[
			18.0,
			-26.270000457763672,
			300.7757568359375
		],
		"LerpTime" : 0.5
	}
}