{
	"0" : 
	{
		"At" : 
		[
			46.706661224365234,
			-25.353096008300781,
			204.82356262207031
		],
		"Eye" : 
		[
			47.389835357666016,
			-25.227224349975586,
			200.100341796875
		],
		"FadeInfo" : 
		{
			"FadeDuration" : 0.69999998807907104,
			"FadeFlag" : 1,
			"FadeTime" : 0.0
		},
		"LerpTime" : 2.0999999046325684,
		"ShakeInfo" : 
		{
			"Duration" : 2.0,
			"LocDesc" : 
			{
				"Amplitude" : 
				[
					0.15000000596046448,
					0.30000001192092896,
					0.10000000149011612
				],
				"BlendInOut" : 
				[
					0.5,
					1.2000000476837158
				],
				"Frequency" : 
				[
					16.0,
					20.0,
					8.0
				],
				"InOutWeight" : 
				[
					1.5,
					2.2999999523162842
				],
				"ShakeFunc" : 1,
				"isOffSetRand" : false
			},
			"RotDesc" : 
			{
				"Amplitude" : 
				[
					0.0052359877154231071,
					0.0087266461923718452,
					0.001745329238474369
				],
				"BlendInOut" : 
				[
					0.5,
					1.2000000476837158
				],
				"Frequency" : 
				[
					13.0,
					18.0,
					4.0
				],
				"InOutWeight" : 
				[
					1.5,
					2.2999999523162842
				],
				"ShakeFunc" : 0,
				"isOffSetRand" : false
			},
			"ShakeFlags" : 3,
			"StartTime" : 0.0
		}
	},
	"1" : 
	{
		"At" : 
		[
			46.181957244873047,
			-7.2943062782287598,
			208.4232177734375
		],
		"Eye" : 
		[
			46.868152618408203,
			-6.8883280754089355,
			201.50309753417969
		],
		"LerpTime" : 1.2999999523162842
	},
	"2" : 
	{
		"At" : 
		[
			33.415248870849609,
			-8.6834602355957031,
			254.25473022460938
		],
		"Eye" : 
		[
			34.468036651611328,
			-8.3775129318237305,
			250.00830078125
		],
		"LerpTime" : 1.2999999523162842
	},
	"3" : 
	{
		"At" : 
		[
			22.818334579467773,
			-8.4977035522460938,
			284.47793579101562
		],
		"Eye" : 
		[
			23.827569961547852,
			-8.3941440582275391,
			277.57098388671875
		],
		"LerpTime" : 1.5
	},
	"4" : 
	{
		"At" : 
		[
			21.200000762939453,
			-11.805904388427734,
			296.07598876953125
		],
		"Eye" : 
		[
			21.200000762939453,
			-9.0966014862060547,
			287.38787841796875
		],
		"FadeInfo" : 
		{
			"FadeDuration" : 0.69999998807907104,
			"FadeFlag" : 2,
			"FadeTime" : 3.7000000476837158
		},
		"LerpTime" : 4.5,
		"ShakeInfo" : 
		{
			"Duration" : 4.5,
			"LocDesc" : 
			{
				"Amplitude" : 
				[
					0.05000000074505806,
					0.10000000149011612,
					0.02500000037252903
				],
				"BlendInOut" : 
				[
					1.0,
					1.0
				],
				"Frequency" : 
				[
					37.0,
					50.0,
					23.0
				],
				"InOutWeight" : 
				[
					1.5,
					1.5
				],
				"ShakeFunc" : 1,
				"isOffSetRand" : false
			},
			"RotDesc" : 
			{
				"Amplitude" : 
				[
					0.0043633230961859226,
					0.0087266461923718452,
					0.0034906584769487381
				],
				"BlendInOut" : 
				[
					1.0,
					1.0
				],
				"Frequency" : 
				[
					36.0,
					46.0,
					29.0
				],
				"InOutWeight" : 
				[
					1.5,
					1.5
				],
				"ShakeFunc" : 0,
				"isOffSetRand" : false
			},
			"ShakeFlags" : 3,
			"StartTime" : 0.0
		}
	},
	"5" : 
	{
		"At" : 
		[
			21.200000762939453,
			-21.262718200683594,
			302.28579711914062
		],
		"Eye" : 
		[
			21.200000762939453,
			-20.842634201049805,
			294.5013427734375
		],
		"LerpTime" : 0.0
	}
}