{
	"0" : 
	{
		"At" : 
		[
			21.200000762939453,
			-24.993000030517578,
			305.0
		],
		"Eye" : 
		[
			21.200000762939453,
			-24.531000137329102,
			302.22500610351562
		],
		"LerpTime" : 6.0,
		"ShakeInfo" : 
		{
			"Duration" : 9.0,
			"LocDesc" : 
			{
				"Amplitude" : 
				[
					0.039999999105930328,
					0.029999999329447746,
					0.019999999552965164
				],
				"BlendInOut" : 
				[
					6.0000000953674316,
					2.2000000476837158
				],
				"Frequency" : 
				[
					79.0,
					65.0,
					50.0
				],
				"InOutWeight" : 
				[
					1.3999999523162842,
					4.0
				],
				"ShakeFunc" : 1,
				"isOffSetRand" : false
			},
			"RotDesc" : 
			{
				"Amplitude" : 
				[
					0.006457718089222908,
					0.0087266461923718452,
					0.0048869219608604908
				],
				"BlendInOut" : 
				[
					6.0000000953674316,
					2.2000000476837158
				],
				"Frequency" : 
				[
					71.0,
					103.0,
					49.0
				],
				"InOutWeight" : 
				[
					1.3999999523162842,
					4.0
				],
				"ShakeFunc" : 0,
				"isOffSetRand" : false
			},
			"ShakeFlags" : 3,
			"StartTime" : 0.0
		}
	},
	"1" : 
	{
		"At" : 
		[
			21.200000762939453,
			-24.214000701904297,
			305.0
		],
		"Eye" : 
		[
			21.200000762939453,
			-22.86199951171875,
			301.74200439453125
		],
		"LerpTime" : 0.80000001192092896
	},
	"2" : 
	{
		"At" : 
		[
			21.200000762939453,
			-24.214042663574219,
			305.0
		],
		"Eye" : 
		[
			21.200000762939453,
			-22.86199951171875,
			301.74234008789062
		],
		"LerpTime" : 0.40000000596046448
	},
	"3" : 
	{
		"At" : 
		[
			21.200000762939453,
			-24.999608993530273,
			305.0
		],
		"Eye" : 
		[
			21.200000762939453,
			-25.924468994140625,
			302.7406005859375
		],
		"LerpTime" : 1.5
	},
	"4" : 
	{
		"At" : 
		[
			21.200000762939453,
			-25.15342903137207,
			305.0
		],
		"Eye" : 
		[
			23.194902420043945,
			-25.823831558227539,
			303.02490234375
		],
		"LerpTime" : 1.5
	},
	"5" : 
	{
		"At" : 
		[
			21.200000762939453,
			-24.937215805053711,
			305.0
		],
		"Eye" : 
		[
			24.1805419921875,
			-24.802553176879883,
			303.58673095703125
		],
		"FadeInfo" : 
		{
			"FadeDuration" : 2.5,
			"FadeFlag" : 2,
			"FadeTime" : 2.4000000953674316
		},
		"LerpTime" : 4.0
	},
	"6" : 
	{
		"At" : 
		[
			21.200000762939453,
			-24.681299209594727,
			305.0
		],
		"Eye" : 
		[
			19.565345764160156,
			-24.253986358642578,
			302.12466430664062
		],
		"LerpTime" : 0.0
	}
}