{
	"0" : 
	{
		"At" : 
		[
			21.200000762939453,
			-25.344160079956055,
			305.0
		],
		"Eye" : 
		[
			19.576675415039062,
			-25.036779403686523,
			302.99984741210938
		],
		"FadeInfo" : 
		{
			"FadeDuration" : 0.69999998807907104,
			"FadeFlag" : 1,
			"FadeTime" : 0.0
		},
		"LerpTime" : 2.0
	},
	"1" : 
	{
		"At" : 
		[
			21.200000762939453,
			-25.158195495605469,
			305.0
		],
		"Eye" : 
		[
			21.105268478393555,
			-24.716432571411133,
			301.76657104492188
		],
		"FadeInfo" : 
		{
			"FadeDuration" : 0.5,
			"FadeFlag" : 2,
			"FadeTime" : 5.4000000953674316
		},
		"LerpTime" : 6.0
	},
	"2" : 
	{
		"At" : 
		[
			21.200000762939453,
			-24.201835632324219,
			306.15194702148438
		],
		"Eye" : 
		[
			21.200000762939453,
			-20.949783325195312,
			296.95040893554688
		],
		"LerpTime" : 0.0
	}
}