{
	"0" : 
	{
		"At" : 
		[
			21.200000762939453,
			-26.363716125488281,
			304.515625
		],
		"Eye" : 
		[
			14.577945709228516,
			-26.383550643920898,
			294.93914794921875
		],
		"FadeInfo" : 
		{
			"FadeDuration" : 0.20000000298023224,
			"FadeFlag" : 1,
			"FadeTime" : 0.0
		},
		"LerpTime" : 0.60000002384185791
	},
	"1" : 
	{
		"At" : 
		[
			21.200000762939453,
			-26.831752777099609,
			297.04217529296875
		],
		"Eye" : 
		[
			14.577945709228516,
			-26.383550643920898,
			294.93914794921875
		],
		"LerpTime" : 0.5
	},
	"2" : 
	{
		"At" : 
		[
			21.200000762939453,
			-29.755016326904297,
			291.51220703125
		],
		"Eye" : 
		[
			14.577945709228516,
			-26.383550643920898,
			294.93914794921875
		],
		"FadeInfo" : 
		{
			"FadeDuration" : 0.5,
			"FadeFlag" : 2,
			"FadeTime" : 0.69999998807907104
		},
		"LerpTime" : 0.80000001192092896
	},
	"3" : 
	{
		"At" : 
		[
			21.200000762939453,
			-30.458442687988281,
			281.75567626953125
		],
		"Eye" : 
		[
			14.578000068664551,
			-26.384000778198242,
			294.93899536132812
		],
		"LerpTime" : 1.0
	}
}