{
	"0" : 
	{
		"At" : 
		[
			20.0,
			-28.434000015258789,
			235.0
		],
		"Eye" : 
		[
			19.065000534057617,
			-28.259000778198242,
			232.01699829101562
		],
		"LerpTime" : 0.69999998807907104
	},
	"1" : 
	{
		"At" : 
		[
			20.0,
			-28.340158462524414,
			235.0
		],
		"Eye" : 
		[
			18.307929992675781,
			-28.367778778076172,
			232.18345642089844
		],
		"LerpTime" : 0.40000000596046448
	},
	"10" : 
	{
		"At" : 
		[
			20.0,
			-24.774785995483398,
			235.0
		],
		"Eye" : 
		[
			11.453958511352539,
			-15.884583473205566,
			223.12574768066406
		],
		"LerpTime" : 0.89999997615814209
	},
	"11" : 
	{
		"At" : 
		[
			20.0,
			-23.281713485717773,
			235.0
		],
		"Eye" : 
		[
			16.999298095703125,
			-9.0992183685302734,
			216.53375244140625
		],
		"LerpTime" : 1.2100000381469727
	},
	"12" : 
	{
		"At" : 
		[
			20.0,
			-22.324941635131836,
			235.0
		],
		"Eye" : 
		[
			20.0,
			-7.0356221199035645,
			215.12213134765625
		],
		"FadeInfo" : 
		{
			"FadeDuration" : 0.60000002384185791,
			"FadeFlag" : 2,
			"FadeTime" : 2.0
		},
		"LerpTime" : 2.7999999523162842,
		"ShakeInfo" : 
		{
			"Duration" : 2.5,
			"LocDesc" : 
			{
				"Amplitude" : 
				[
					2.0,
					1.5,
					1.0
				],
				"BlendInOut" : 
				[
					0.0,
					2.2000000476837158
				],
				"Frequency" : 
				[
					10.0,
					12.0,
					10.0
				],
				"InOutWeight" : 
				[
					1.0,
					2.5
				],
				"ShakeFunc" : 1,
				"isOffSetRand" : false
			},
			"RotDesc" : 
			{
				"Amplitude" : 
				[
					0.022689279168844223,
					0.01745329238474369,
					0.013962633907794952
				],
				"BlendInOut" : 
				[
					0.0,
					2.2000000476837158
				],
				"Frequency" : 
				[
					7.0,
					5.0,
					2.0
				],
				"InOutWeight" : 
				[
					1.0,
					2.5
				],
				"ShakeFunc" : 1,
				"isOffSetRand" : false
			},
			"ShakeFlags" : 3,
			"StartTime" : 0.15000000596046448
		}
	},
	"2" : 
	{
		"At" : 
		[
			20.0,
			-29.591833114624023,
			235.0
		],
		"Eye" : 
		[
			18.099319458007812,
			-29.59929084777832,
			232.96725463867188
		],
		"LerpTime" : 0.40000000596046448
	},
	"3" : 
	{
		"At" : 
		[
			20.0,
			-25.31724739074707,
			235.0
		],
		"Eye" : 
		[
			17.801542282104492,
			-27.906393051147461,
			234.07858276367188
		],
		"LerpTime" : 0.37999999523162842
	},
	"4" : 
	{
		"At" : 
		[
			20.0,
			-25.316999435424805,
			235.0
		],
		"Eye" : 
		[
			17.802000045776367,
			-27.906000137329102,
			234.07899475097656
		],
		"LerpTime" : 0.30000001192092896
	},
	"5" : 
	{
		"At" : 
		[
			20.0,
			-29.460559844970703,
			235.0
		],
		"Eye" : 
		[
			17.520090103149414,
			-29.272781372070312,
			234.83027648925781
		],
		"LerpTime" : 0.15000000596046448,
		"ShakeInfo" : 
		{
			"Duration" : 0.40000000596046448,
			"LocDesc" : 
			{
				"Amplitude" : 
				[
					0.30000001192092896,
					0.40000000596046448,
					0.20000000298023224
				],
				"BlendInOut" : 
				[
					0.0,
					0.30000001192092896
				],
				"Frequency" : 
				[
					3.0,
					4.0,
					2.0
				],
				"InOutWeight" : 
				[
					1.0,
					1.6000000238418579
				],
				"ShakeFunc" : 1,
				"isOffSetRand" : false
			},
			"RotDesc" : 
			{
				"Amplitude" : 
				[
					0.029670597985386848,
					0.01745329238474369,
					0.013962633907794952
				],
				"BlendInOut" : 
				[
					0.0,
					0.30000001192092896
				],
				"Frequency" : 
				[
					3.0,
					2.0,
					2.0
				],
				"InOutWeight" : 
				[
					1.0,
					1.6000000238418579
				],
				"ShakeFunc" : 0,
				"isOffSetRand" : false
			},
			"ShakeFlags" : 3,
			"StartTime" : 0.0
		}
	},
	"6" : 
	{
		"At" : 
		[
			20.0,
			-29.461000442504883,
			235.0
		],
		"Eye" : 
		[
			13.830233573913574,
			-28.990053176879883,
			234.5770263671875
		],
		"LerpTime" : 0.30000001192092896
	},
	"7" : 
	{
		"At" : 
		[
			20.0,
			-29.461000442504883,
			235.0
		],
		"Eye" : 
		[
			10.78898811340332,
			-28.758651733398438,
			234.36201477050781
		],
		"LerpTime" : 0.55000001192092896
	},
	"8" : 
	{
		"At" : 
		[
			20.0,
			-28.073703765869141,
			235.0
		],
		"Eye" : 
		[
			10.788999557495117,
			-26.79228401184082,
			234.36199951171875
		],
		"LerpTime" : 0.60000002384185791
	},
	"9" : 
	{
		"At" : 
		[
			20.0,
			-26.640327453613281,
			235.0
		],
		"Eye" : 
		[
			10.642635345458984,
			-24.828681945800781,
			233.67051696777344
		],
		"LerpTime" : 0.89999997615814209
	}
}