{
	"0" : 
	{
		"At" : 
		[
			20.0,
			-27.657464981079102,
			235.0
		],
		"Eye" : 
		[
			20.462068557739258,
			-26.807878494262695,
			232.60891723632812
		],
		"FadeInfo" : 
		{
			"FadeDuration" : 0.20000000298023224,
			"FadeFlag" : 1,
			"FadeTime" : 0.0
		},
		"LerpTime" : 0.44999998807907104,
		"ShakeInfo" : 
		{
			"Duration" : 3.0999999046325684,
			"LocDesc" : 
			{
				"Amplitude" : 
				[
					0.090000003576278687,
					0.070000000298023224,
					0.070000000298023224
				],
				"BlendInOut" : 
				[
					1.7999999523162842,
					0.69999998807907104
				],
				"Frequency" : 
				[
					35.0,
					23.0,
					19.0
				],
				"InOutWeight" : 
				[
					2.5,
					2.0
				],
				"ShakeFunc" : 1,
				"isOffSetRand" : false
			},
			"ShakeFlags" : 2,
			"StartTime" : 0.0
		}
	},
	"1" : 
	{
		"At" : 
		[
			20.0,
			-28.692539215087891,
			235.0
		],
		"Eye" : 
		[
			20.737985610961914,
			-28.60887336730957,
			232.32148742675781
		],
		"LerpTime" : 0.64999997615814209
	},
	"2" : 
	{
		"At" : 
		[
			20.0,
			-29.474277496337891,
			235.0
		],
		"Eye" : 
		[
			19.890995025634766,
			-30.039724349975586,
			232.548583984375
		],
		"LerpTime" : 1.2000000476837158
	},
	"3" : 
	{
		"At" : 
		[
			20.0,
			-27.404319763183594,
			235.0
		],
		"Eye" : 
		[
			20.0,
			-26.829681396484375,
			232.0987548828125
		],
		"LerpTime" : 0.30000001192092896
	},
	"4" : 
	{
		"At" : 
		[
			20.0,
			-26.796875,
			235.0
		],
		"Eye" : 
		[
			20.0,
			-26.059131622314453,
			232.15708923339844
		],
		"LerpTime" : 0.20000000298023224
	},
	"5" : 
	{
		"At" : 
		[
			20.0,
			-26.692836761474609,
			235.0
		],
		"Eye" : 
		[
			20.0,
			-25.649690628051758,
			230.68168640136719
		],
		"LerpTime" : 0.30000001192092896
	}
}