{
	"0" : 
	{
		"At" : 
		[
			20.0,
			-26.693000793457031,
			235.0
		],
		"Eye" : 
		[
			20.0,
			-25.649999618530273,
			230.6820068359375
		],
		"LerpTime" : 0.5
	},
	"1" : 
	{
		"At" : 
		[
			20.0,
			-28.872386932373047,
			235.0
		],
		"Eye" : 
		[
			19.500732421875,
			-28.819175720214844,
			232.15168762207031
		],
		"LerpTime" : 0.60000002384185791
	},
	"2" : 
	{
		"At" : 
		[
			20.0,
			-28.433811187744141,
			235.0
		],
		"Eye" : 
		[
			20.0,
			-28.461416244506836,
			231.20930480957031
		],
		"LerpTime" : 0.60000002384185791
	},
	"3" : 
	{
		"At" : 
		[
			20.0,
			-28.434000015258789,
			235.0
		],
		"Eye" : 
		[
			19.065208435058594,
			-28.258609771728516,
			232.01679992675781
		],
		"LerpTime" : 0.0
	}
}