{
	"0" : 
	{
		"At" : 
		[
			21.200000762939453,
			-23.693492889404297,
			304.36502075195312
		],
		"Eye" : 
		[
			21.200000762939453,
			-25.964744567871094,
			302.4058837890625
		],
		"FadeInfo" : 
		{
			"FadeDuration" : 0.5,
			"FadeFlag" : 1,
			"FadeTime" : 0.0
		},
		"LerpTime" : 1.0000000476837158
	},
	"1" : 
	{
		"At" : 
		[
			21.200000762939453,
			-23.693492889404297,
			304.36502075195312
		],
		"Eye" : 
		[
			21.200000762939453,
			-25.964744567871094,
			302.4058837890625
		],
		"LerpTime" : 0.20000000298023224,
		"ShakeInfo" : 
		{
			"Duration" : 0.5,
			"LocDesc" : 
			{
				"Amplitude" : 
				[
					0.15000000596046448,
					0.30000001192092896,
					0.10000000149011612
				],
				"BlendInOut" : 
				[
					0.0,
					0.40000000596046448
				],
				"Frequency" : 
				[
					4.0,
					5.0,
					8.0
				],
				"InOutWeight" : 
				[
					1.5,
					1.7000000476837158
				],
				"ShakeFunc" : 1,
				"isOffSetRand" : false
			},
			"ShakeFlags" : 2,
			"StartTime" : 0.10000000149011612
		}
	},
	"2" : 
	{
		"At" : 
		[
			21.200000762939453,
			-26.564619064331055,
			305.34481811523438
		],
		"Eye" : 
		[
			21.200000762939453,
			-25.964744567871094,
			302.4058837890625
		],
		"LerpTime" : 0.0
	}
}