{
	"0" : 
	{
		"At" : 
		[
			21.200000762939453,
			-25.168956756591797,
			305.0
		],
		"Eye" : 
		[
			19.621831893920898,
			-24.95872688293457,
			303.73175048828125
		],
		"FadeInfo" : 
		{
			"FadeDuration" : 6.0,
			"FadeFlag" : 1,
			"FadeTime" : 0.0
		},
		"LerpTime" : 5.0
	},
	"1" : 
	{
		"At" : 
		[
			21.200000762939453,
			-24.99310302734375,
			305.0
		],
		"Eye" : 
		[
			21.200000762939453,
			-24.531454086303711,
			302.224609375
		],
		"LerpTime" : 0.0
	}
}