{
	"0" : 
	{
		"At" : 
		[
			20.001302719116211,
			-27.528371810913086,
			232.20951843261719
		],
		"Eye" : 
		[
			20.038898468017578,
			-26.544918060302734,
			229.3760986328125
		],
		"FadeInfo" : 
		{
			"FadeDuration" : 1.0,
			"FadeFlag" : 1,
			"FadeTime" : 0.0
		},
		"LerpTime" : 4.0,
		"ShakeInfo" : 
		{
			"Duration" : 9.0,
			"LocDesc" : 
			{
				"Amplitude" : 
				[
					0.11999999731779099,
					0.096000000834465027,
					0.071999996900558472
				],
				"BlendInOut" : 
				[
					1.0,
					7.0
				],
				"Frequency" : 
				[
					101.0,
					88.0,
					76.0
				],
				"InOutWeight" : 
				[
					1.0,
					0.69999998807907104
				],
				"ShakeFunc" : 1,
				"isOffSetRand" : false
			},
			"RotDesc" : 
			{
				"Amplitude" : 
				[
					0.0052359877154231071,
					0.0034906584769487381,
					0.0069813169538974762
				],
				"BlendInOut" : 
				[
					1.0,
					7.0
				],
				"Frequency" : 
				[
					46.0,
					54.0,
					60.0
				],
				"InOutWeight" : 
				[
					1.0,
					0.69999998807907104
				],
				"ShakeFunc" : 1,
				"isOffSetRand" : false
			},
			"ShakeFlags" : 3,
			"StartTime" : 0.0
		}
	},
	"1" : 
	{
		"At" : 
		[
			11.827362060546875,
			-19.808139801025391,
			226.17800903320312
		],
		"Eye" : 
		[
			10.267532348632812,
			-17.940702438354492,
			223.8822021484375
		],
		"LerpTime" : 4.0
	},
	"2" : 
	{
		"At" : 
		[
			-1.7687020301818848,
			-6.6749954223632812,
			221.64179992675781
		],
		"Eye" : 
		[
			-3.6871607303619385,
			-4.6522936820983887,
			220.53501892089844
		],
		"FadeInfo" : 
		{
			"FadeDuration" : 0.69999998807907104,
			"FadeFlag" : 2,
			"FadeTime" : 0.30000001192092896
		},
		"LerpTime" : 1.0
	}
}