{
	"0" : 
	{
		"At" : 
		[
			20.0,
			-28.12299919128418,
			235.0
		],
		"Eye" : 
		[
			20.705957412719727,
			-27.654043197631836,
			233.14016723632812
		],
		"FadeInfo" : 
		{
			"FadeDuration" : 1.2000000476837158,
			"FadeFlag" : 1,
			"FadeTime" : 0.0
		},
		"LerpTime" : 2.0
	},
	"1" : 
	{
		"At" : 
		[
			20.0,
			-27.253028869628906,
			235.0
		],
		"Eye" : 
		[
			21.049869537353516,
			-26.945466995239258,
			232.89471435546875
		],
		"FadeInfo" : 
		{
			"FadeDuration" : 1.2999999523162842,
			"FadeFlag" : 2,
			"FadeTime" : 0.99000000953674316
		},
		"LerpTime" : 1.0
	},
	"2" : 
	{
		"At" : 
		[
			20.0,
			-28.227495193481445,
			235.0
		],
		"Eye" : 
		[
			19.571456909179688,
			-28.385902404785156,
			232.98336791992188
		],
		"LerpTime" : 1.7000000476837158
	},
	"3" : 
	{
		"At" : 
		[
			20.0,
			-28.226999282836914,
			235.0
		],
		"Eye" : 
		[
			19.081153869628906,
			-28.415903091430664,
			232.99168395996094
		],
		"LerpTime" : 0.0
	}
}