{
	"0" : 
	{
		"At" : 
		[
			21.0,
			-28.200000762939453,
			297.0
		],
		"Eye" : 
		[
			21.0,
			-28.200000762939453,
			295.0
		],
		"FadeInfo" : 
		{
			"FadeDuration" : 2.0,
			"FadeFlag" : 1,
			"FadeTime" : 0.0
		},
		"LerpTime" : 2.0,
		"ShakeInfo" : 
		{
			"Duration" : 8.0,
			"LocDesc" : 
			{
				"Amplitude" : 
				[
					0.12999999523162842,
					0.029999999329447746,
					0.0
				],
				"BlendInOut" : 
				[
					0.0,
					0.0
				],
				"Frequency" : 
				[
					4.0,
					2.0,
					0.0
				],
				"InOutWeight" : 
				[
					1.0,
					1.0
				],
				"ShakeFunc" : 0,
				"isOffSetRand" : false
			},
			"ShakeFlags" : 2,
			"StartTime" : 0.0
		}
	},
	"1" : 
	{
		"At" : 
		[
			21.0,
			-28.200000762939453,
			292.70001220703125
		],
		"Eye" : 
		[
			21.0,
			-28.200000762939453,
			290.70001220703125
		],
		"LerpTime" : 2.0
	},
	"2" : 
	{
		"At" : 
		[
			21.0,
			-28.200000762939453,
			288.39999389648438
		],
		"Eye" : 
		[
			21.0,
			-28.200000762939453,
			286.39999389648438
		],
		"FadeInfo" : 
		{
			"FadeDuration" : 1.2999999523162842,
			"FadeFlag" : 2,
			"FadeTime" : 1.0
		},
		"LerpTime" : 2.0
	},
	"3" : 
	{
		"At" : 
		[
			21.0,
			-28.200000762939453,
			284.0
		],
		"Eye" : 
		[
			21.0,
			-28.200000762939453,
			282.0
		],
		"LerpTime" : 2.0
	}
}