{
	"0" : 
	{
		"At" : 
		[
			47.480998992919922,
			23.402000427246094,
			154.53999328613281
		],
		"Eye" : 
		[
			66.986000061035156,
			28.316999435424805,
			151.55299377441406
		],
		"FadeInfo" : 
		{
			"FadeDuration" : 1.0,
			"FadeFlag" : 1,
			"FadeTime" : 0.0
		},
		"LerpTime" : 1.0
	},
	"1" : 
	{
		"At" : 
		[
			50.968418121337891,
			23.293872833251953,
			144.48422241210938
		],
		"Eye" : 
		[
			66.985687255859375,
			28.316646575927734,
			151.55326843261719
		],
		"LerpTime" : 1.0
	},
	"2" : 
	{
		"At" : 
		[
			59.750686645507812,
			23.847082138061523,
			135.82675170898438
		],
		"Eye" : 
		[
			66.985687255859375,
			28.316646575927734,
			151.55326843261719
		],
		"LerpTime" : 1.1000000238418579
	},
	"3" : 
	{
		"At" : 
		[
			72.953575134277344,
			22.657567977905273,
			137.97569274902344
		],
		"Eye" : 
		[
			66.985687255859375,
			28.316646575927734,
			151.55326843261719
		],
		"LerpTime" : 1.1000000238418579
	},
	"4" : 
	{
		"At" : 
		[
			75.4652099609375,
			22.138139724731445,
			147.02568054199219
		],
		"Eye" : 
		[
			66.985687255859375,
			28.316646575927734,
			151.55326843261719
		],
		"FadeInfo" : 
		{
			"FadeDuration" : 1.0,
			"FadeFlag" : 2,
			"FadeTime" : 0.20000000298023224
		},
		"LerpTime" : 1.7999999523162842
	}
}