{
	"0" : 
	{
		"At" : 
		[
			28.882999420166016,
			18.940000534057617,
			131.36900329589844
		],
		"Eye" : 
		[
			13.501164436340332,
			24.043491363525391,
			140.97087097167969
		],
		"FadeInfo" : 
		{
			"FadeDuration" : 1.0,
			"FadeFlag" : 1,
			"FadeTime" : 0.0
		},
		"LerpTime" : 3.0
	},
	"1" : 
	{
		"At" : 
		[
			20.910999298095703,
			18.200000762939453,
			151.41900634765625
		],
		"Eye" : 
		[
			13.50100040435791,
			24.042999267578125,
			140.97099304199219
		],
		"FadeInfo" : 
		{
			"FadeDuration" : 1.0,
			"FadeFlag" : 2,
			"FadeTime" : 0.20000000298023224
		},
		"LerpTime" : 1.0
	}
}