{
	"0" : 
	{
		"At" : 
		[
			36.524459838867188,
			17.190999984741211,
			144.20027160644531
		],
		"Eye" : 
		[
			37.00836181640625,
			17.941568374633789,
			140.78388977050781
		],
		"FadeInfo" : 
		{
			"FadeDuration" : 0.40000000596046448,
			"FadeFlag" : 1,
			"FadeTime" : 0.0
		},
		"LerpTime" : 1.0
	},
	"1" : 
	{
		"At" : 
		[
			36.826641082763672,
			17.190999984741211,
			144.48677062988281
		],
		"Eye" : 
		[
			39.622547149658203,
			18.013336181640625,
			141.66941833496094
		],
		"LerpTime" : 1.0
	},
	"2" : 
	{
		"At" : 
		[
			37.036018371582031,
			17.190999984741211,
			144.74156188964844
		],
		"Eye" : 
		[
			40.749774932861328,
			17.969436645507812,
			143.94071960449219
		],
		"FadeInfo" : 
		{
			"FadeDuration" : 0.30000001192092896,
			"FadeFlag" : 2,
			"FadeTime" : 0.10000000149011612
		},
		"LerpTime" : 1.2000000476837158
	}
}