{
	"0" : 
	{
		"At" : 
		[
			36.418190002441406,
			17.529045104980469,
			145.17393493652344
		],
		"Eye" : 
		[
			39.100074768066406,
			18.152894973754883,
			142.22691345214844
		],
		"FadeInfo" : 
		{
			"FadeDuration" : 0.30000001192092896,
			"FadeFlag" : 1,
			"FadeTime" : 0.0
		},
		"LerpTime" : 1.0
	},
	"1" : 
	{
		"At" : 
		[
			36.091522216796875,
			18.205575942993164,
			145.51991271972656
		],
		"Eye" : 
		[
			39.960224151611328,
			19.508472442626953,
			141.25520324707031
		],
		"LerpTime" : 1.0
	},
	"2" : 
	{
		"At" : 
		[
			35.660247802734375,
			19.098094940185547,
			146.02487182617188
		],
		"Eye" : 
		[
			40.704429626464844,
			20.8212890625,
			140.46296691894531
		],
		"LerpTime" : 1.0
	},
	"3" : 
	{
		"At" : 
		[
			35.659999847412109,
			21.981084823608398,
			146.02499389648438
		],
		"Eye" : 
		[
			41.067298889160156,
			21.666049957275391,
			140.04400634765625
		],
		"FadeInfo" : 
		{
			"FadeDuration" : 0.69999998807907104,
			"FadeFlag" : 2,
			"FadeTime" : 0.30000001192092896
		},
		"LerpTime" : 1.1000000238418579
	},
	"4" : 
	{
		"At" : 
		[
			35.659999847412109,
			24.23365592956543,
			146.02499389648438
		],
		"Eye" : 
		[
			41.315090179443359,
			22.290069580078125,
			139.80889892578125
		],
		"LerpTime" : 0.5
	}
}