{
	"0" : 
	{
		"At" : 
		[
			0.0,
			1.0,
			0.30000001192092896
		],
		"Eye" : 
		[
			-1.2149341106414795,
			2.3528876304626465,
			3.0834770202636719
		],
		"LerpTime" : 0.55000001192092896
	},
	"1" : 
	{
		"At" : 
		[
			0.0,
			1.0,
			0.30000001192092896
		],
		"Eye" : 
		[
			-0.68033778667449951,
			1.9560551643371582,
			2.5241708755493164
		],
		"LerpTime" : 0.0
	},
	"2" : 
	{
		"At" : 
		[
			-0.23311090469360352,
			1.1678961515426636,
			4.2994413375854492
		],
		"Eye" : 
		[
			-1.5519422292709351,
			1.2751822471618652,
			-1.408129096031189
		],
		"LerpTime" : 2.0,
		"ShakeInfo": {
			"Duration": 1.7999999523162842,
			"RotDesc": {
				"Amplitude": [
					0.013089969754219055,
					0.0,
					0.0
				],
				"BlendInOut": [
					0.0,
					0.0
				],
				"Frequency": [
					24.0,
					0.0,
					0.0
				],
				"InOutWeight": [
					1.0,
					1.0
				],
				"ShakeFunc": 0,
				"isOffSetRand": false
			},
			"ShakeFlags": 1,
			"StartTime": 0.20000000298023224
		}
	}
}