{
	"0" : 
	{
		"At" : 
		[
			0.0,
			0.69999998807907104,
			1.0
		],
		"Eye" : 
		[
			1.1031770706176758,
			0.17879728972911835,
			2.8190000057220459
		],
		"LerpTime" : 0.20000000298023224
	},
	"1" : 
	{
		"At" : 
		[
			0.0,
			0.69999998807907104,
			1.0
		],
		"Eye" : 
		[
			1.1030000448226929,
			0.17900000512599945,
			2.8190000057220459
		],
		"LerpTime" : 0.10000000149011612,
		"ShakeInfo" : 
		{
			"Duration" : 0.60000002384185791,
			"LocDesc" : 
			{
				"Amplitude" : 
				[
					0.039999999105930328,
					0.039999999105930328,
					0.039999999105930328
				],
				"BlendInOut" : 
				[
					0.0,
					0.40000000596046448
				],
				"Frequency" : 
				[
					7.0,
					6.0,
					5.0
				],
				"InOutWeight" : 
				[
					1.0,
					1.0
				],
				"ShakeFunc" : 0,
				"isOffSetRand" : false
			},
			"RotDesc" : 
			{
				"Amplitude" : 
				[
					0.0087266461923718452,
					0.0087266461923718452,
					0.01745329238474369
				],
				"BlendInOut" : 
				[
					0.0,
					0.40000000596046448
				],
				"Frequency" : 
				[
					7.0,
					8.0,
					6.0
				],
				"InOutWeight" : 
				[
					1.0,
					1.0
				],
				"ShakeFunc" : 0,
				"isOffSetRand" : false
			},
			"ShakeFlags" : 3,
			"StartTime" : 0.0
		}
	},
	"2" : 
	{
		"At" : 
		[
			0.0,
			1.0,
			1.0
		],
		"Eye" : 
		[
			1.7865957021713257,
			-0.37098214030265808,
			3.9779999256134033
		],
		"LerpTime" : 0.80000001192092896
	},
	"3" : 
	{
		"At" : 
		[
			0.0,
			1.0,
			1.0
		],
		"Eye" : 
		[
			1.7869999408721924,
			-0.37099999189376831,
			3.9779999256134033
		],
		"LerpTime" : 0.30000001192092896
	},
	"4" : 
	{
		"At" : 
		[
			-0.43669742345809937,
			0.30203539133071899,
			0.76739013195037842
		],
		"Eye" : 
		[
			2.7587959766387939,
			2.0,
			4.0329999923706055
		],
		"LerpTime" : 1.0
	},
	"5" : 
	{
		"At" : 
		[
			-0.73938071727752686,
			0.27338951826095581,
			0.78268325328826904
		],
		"Eye" : 
		[
			2.7590000629425049,
			2.0,
			4.0329999923706055
		],
		"LerpTime" : 0.0
	},
	"6" : 
	{
		"At" : 
		[
			-0.68918174505233765,
			0.16473296284675598,
			3.6433053016662598
		],
		"Eye" : 
		[
			1.3250232934951782,
			-0.31357422471046448,
			-1.3407392501831055
		],
		"LerpTime" : 1.0
	},
	"7" : 
	{
		"At" : 
		[
			-0.68900001049041748,
			0.16500000655651093,
			3.6429998874664307
		],
		"Eye" : 
		[
			2.2196674346923828,
			-0.35894849896430969,
			-3.5186893939971924
		],
		"LerpTime" : 1.0
	}
}