{
	"0" : 
	{
		"At" : 
		[
			-0.092938423156738281,
			1.3927468061447144,
			0.0
		],
		"Eye" : 
		[
			0.19296334683895111,
			1.6159083843231201,
			1.6725268363952637
		],
		"LerpTime" : 0.89999997615814209,
		"ShakeInfo" : 
		{
			"Duration" : 2.0,
			"RotDesc" : 
			{
				"Amplitude" : 
				[
					0.010471975430846214,
					0.01745329238474369,
					0.0
				],
				"BlendInOut" : 
				[
					1.0,
					0.0
				],
				"Frequency" : 
				[
					13.0,
					21.0,
					0.0
				],
				"InOutWeight" : 
				[
					1.0,
					1.0
				],
				"ShakeFunc" : 0,
				"isOffSetRand" : false
			},
			"ShakeFlags" : 1,
			"StartTime" : 0.0
		}
	},
	"1" : 
	{
		"At" : 
		[
			0.10388700664043427,
			1.4899759292602539,
			0.0
		],
		"Eye" : 
		[
			-0.27745836973190308,
			1.7256680727005005,
			1.9055217504501343
		],
		"LerpTime" : 1.0
	},
	"2" : 
	{
		"At" : 
		[
			0.0,
			1.5247659683227539,
			0.0
		],
		"Eye" : 
		[
			-0.00421944260597229,
			1.3837924003601074,
			2.3493144512176514
		],
		"LerpTime" : 0.20000000298023224
	},
	"3" : 
	{
		"At" : 
		[
			0.22694686055183411,
			2.3752663135528564,
			4.2523245811462402
		],
		"Eye" : 
		[
			1.0843203067779541,
			0.93683904409408569,
			-1.292310357093811
		],
		"LerpTime" : 0.25
	},
	"4" : 
	{
		"At" : 
		[
			0.21258148550987244,
			0.57458758354187012,
			4.2812786102294922
		],
		"Eye" : 
		[
			1.2057329416275024,
			0.80733352899551392,
			-1.5358015298843384
		],
		"LerpTime" : 0.89999997615814209,
		"ShakeInfo" : 
		{
			"Duration" : 0.89999997615814209,
			"RotDesc" : 
			{
				"Amplitude" : 
				[
					0.095993109047412872,
					0.11344639956951141,
					0.078539818525314331
				],
				"BlendInOut" : 
				[
					0.0,
					0.60000002384185791
				],
				"Frequency" : 
				[
					4.0,
					6.0,
					3.0
				],
				"InOutWeight" : 
				[
					1.0,
					1.3999999761581421
				],
				"ShakeFunc" : 0,
				"isOffSetRand" : false
			},
			"ShakeFlags" : 1,
			"StartTime" : 0.0
		}
	}
}