{
	"0" : 
	{
		"At" : 
		[
			118.92682647705078,
			5.5496644973754883,
			103.65000152587891
		],
		"Eye" : 
		[
			121.79227447509766,
			4.7425804138183594,
			103.65000152587891
		],
		"FadeInfo" : 
		{
			"FadeDuration" : 0.5,
			"FadeFlag" : 1,
			"FadeTime" : 0.0
		},
		"LerpTime" : 2.0,
		"ShakeInfo" : 
		{
			"Duration" : 1.0,
			"RotDesc" : 
			{
				"Amplitude" : 
				[
					0.0,
					0.0052359877154231071,
					0.0
				],
				"BlendInOut" : 
				[
					0.0,
					0.0
				],
				"Frequency" : 
				[
					0.0,
					10.0,
					0.0
				],
				"InOutWeight" : 
				[
					1.0,
					1.0
				],
				"ShakeFunc" : 1,
				"isOffSetRand" : false
			},
			"ShakeFlags" : 1,
			"StartTime" : 0.0
		}
	},
	"1" : 
	{
		"At" : 
		[
			118.927001953125,
			4.4630823135375977,
			103.65000152587891
		],
		"Eye" : 
		[
			121.79199981689453,
			4.7430000305175781,
			103.65000152587891
		],
		"LerpTime" : 0.0
	}
}