{
	"0" : 
	{
		"At" : 
		[
			48.410079956054688,
			2.1001784801483154,
			103.55760192871094
		],
		"Eye" : 
		[
			52.771999359130859,
			2.4917569160461426,
			103.56539154052734
		],
		"FadeInfo" : 
		{
			"FadeDuration" : 0.5,
			"FadeFlag" : 1,
			"FadeTime" : 0.0
		},
		"LerpTime" : 1.5,
		"ShakeInfo" : 
		{
			"Duration" : 1.0,
			"RotDesc" : 
			{
				"Amplitude" : 
				[
					0.0,
					0.0034906584769487381,
					0.0
				],
				"BlendInOut" : 
				[
					0.0,
					0.0
				],
				"Frequency" : 
				[
					0.0,
					10.0,
					0.0
				],
				"InOutWeight" : 
				[
					1.0,
					1.0
				],
				"ShakeFunc" : 1,
				"isOffSetRand" : false
			},
			"ShakeFlags" : 1,
			"StartTime" : 0.0
		}
	},
	"1" : 
	{
		"At" : 
		[
			48.409999847412109,
			4.3906955718994141,
			103.55799865722656
		],
		"Eye" : 
		[
			52.771942138671875,
			2.4920001029968262,
			103.56500244140625
		],
		"LerpTime" : 0.0
	}
}