{
	"0" : 
	{
		"At" : 
		[
			98.956283569335938,
			1.3386595249176025,
			103.39859008789062
		],
		"Eye" : 
		[
			104.58425903320312,
			2.0234012603759766,
			103.11275482177734
		],
		"FadeInfo" : 
		{
			"FadeDuration" : 0.40000000596046448,
			"FadeFlag" : 1,
			"FadeTime" : 0.0
		},
		"LerpTime" : 1.0
	},
	"1" : 
	{
		"At" : 
		[
			98.420265197753906,
			3.9999854564666748,
			103.41982269287109
		],
		"Eye" : 
		[
			104.55292510986328,
			4.5398721694946289,
			103.95588684082031
		],
		"LerpTime" : 1.3999999761581421
	},
	"2" : 
	{
		"At" : 
		[
			98.474723815917969,
			7.1538023948669434,
			104.03694152832031
		],
		"Eye" : 
		[
			104.98583221435547,
			8.510228157043457,
			103.32917785644531
		],
		"LerpTime" : 1.3999999761581421
	},
	"3" : 
	{
		"At" : 
		[
			97.78125,
			10.316239356994629,
			103.30689239501953
		],
		"Eye" : 
		[
			104.73268127441406,
			11.401645660400391,
			103.52260589599609
		],
		"FadeInfo" : 
		{
			"FadeDuration" : 0.40000000596046448,
			"FadeFlag" : 2,
			"FadeTime" : 0.30000001192092896
		},
		"LerpTime" : 0.69999998807907104
	}
}